month,day,1983,1984,1985,1986,1987,1988,1989,1990,1991,1992,1993,1994,1995,1996,1997,1998,1999,2000,2001,2002,2003,2004,2005,2006,2007,2008,2009,2010,2011,2012,2013,2014,2015,2016,2017,2018,2019,2020,2021
01,01,0.46,0.58,0.52,0.74,0.65,0.39,0.34,0.41,0.6,0.41,0.41,1.0,1.07,0.96,0.87,0.63,0.72,0.6,0.83,0.68,0.97,0.61,0.55,0.9,0.51,0.33,0.46,1.19,0.71,0.4,0.59,0.81,0.38,0.42,0.47,0.97,0.46,0.44,0.85
01,02,0.48,0.63,0.63,0.64,0.71,0.5,0.3,0.43,0.45,0.4,0.43,0.8,0.84,1.03,0.82,0.62,0.81,0.46,0.72,0.45,1.08,0.72,0.48,0.85,0.54,0.42,0.43,1.07,0.74,0.48,0.63,0.81,0.57,0.48,0.45,0.91,0.58,0.46,0.84
01,03,0.44,0.66,0.68,0.79,0.63,0.63,0.38,0.47,0.54,0.33,0.5,0.54,0.81,0.86,1.04,0.64,0.84,0.38,1.09,0.44,1.08,0.84,0.48,0.65,0.63,0.5,0.5,0.98,0.76,0.71,0.56,0.79,0.73,0.75,0.52,0.97,0.52,0.56,0.89
01,04,0.4,0.71,0.79,0.88,0.41,0.55,0.33,0.56,0.47,0.4,0.55,0.84,0.83,0.8,1.2,0.72,0.68,0.43,0.92,0.32,0.95,0.78,0.38,0.67,0.63,0.58,0.49,0.9,0.78,0.54,0.47,0.8,0.8,0.73,0.43,0.8,0.59,0.58,0.76
01,05,0.42,0.47,0.86,0.71,0.47,0.59,0.37,0.48,0.52,0.38,0.36,1.0,0.8,0.81,0.95,0.82,0.55,0.52,0.83,0.34,0.93,0.72,0.47,0.59,0.56,0.6,0.61,0.88,0.73,0.65,0.46,1.03,0.5,0.66,0.62,0.88,0.53,0.61,0.75
01,06,0.4,0.49,0.91,0.87,0.63,0.55,0.43,0.48,0.47,0.3,0.37,0.91,0.67,0.96,0.83,0.78,0.56,0.57,1.05,0.32,0.85,0.64,0.55,0.59,0.53,0.7,0.63,1.07,0.69,0.47,0.47,0.8,0.57,0.8,0.28,0.89,0.51,0.48,0.89
01,07,0.44,0.41,0.91,0.63,0.56,0.72,0.47,0.41,0.51,0.3,0.43,0.87,0.53,1.04,0.86,0.62,0.57,0.52,1.1,0.39,0.99,0.7,0.4,0.57,0.55,0.66,0.65,1.2,0.7,0.57,0.58,0.57,0.59,0.75,0.36,0.73,0.54,0.58,0.79
01,08,0.39,0.47,0.79,0.8,0.52,0.52,0.46,0.37,0.57,0.3,0.44,0.75,0.46,1.0,0.88,0.52,0.59,0.54,1.11,0.33,1.01,0.65,0.43,0.56,0.52,0.6,0.73,1.02,0.71,0.66,0.55,0.57,0.57,0.94,0.51,0.64,0.6,0.57,0.78
01,09,0.36,0.58,0.86,1.03,0.48,0.43,0.48,0.37,0.43,0.31,0.43,0.68,0.34,0.86,0.99,0.43,0.57,0.51,1.03,0.3,0.92,0.71,0.54,0.45,0.5,0.65,0.54,0.95,0.65,0.61,0.55,0.63,0.51,1.02,0.59,0.88,0.67,0.62,0.82
01,10,0.37,0.47,0.68,0.86,0.72,0.34,0.46,0.31,0.35,0.47,0.44,0.8,0.36,0.81,0.94,0.36,0.51,0.43,0.95,0.37,0.83,0.63,0.43,0.49,0.39,0.61,0.55,0.87,0.61,0.57,0.67,0.72,0.55,1.01,0.74,0.69,0.57,0.67,0.87
01,11,0.39,0.43,0.59,0.7,0.94,0.4,0.5,0.39,0.41,0.36,0.46,1.11,0.53,0.81,0.98,0.52,0.84,0.36,0.84,0.39,0.66,0.52,0.46,0.49,0.46,0.58,0.58,0.91,0.7,0.49,0.75,0.66,0.54,1.14,0.72,0.65,0.55,0.56,0.83
01,12,0.35,0.32,0.63,0.78,0.86,0.48,0.47,0.32,0.44,0.27,0.48,0.94,0.5,0.8,0.75,0.52,0.69,0.36,0.73,0.37,0.66,0.55,0.41,0.52,0.56,0.73,0.56,0.95,0.65,0.48,0.7,0.61,0.45,1.04,0.75,0.76,0.47,0.59,0.8
01,13,0.38,0.35,0.63,0.65,0.64,0.48,0.48,0.27,0.52,0.3,0.48,0.75,0.44,0.63,0.62,0.5,0.8,0.39,0.8,0.4,0.67,0.76,0.36,0.49,0.47,0.92,0.47,0.95,0.6,0.5,0.79,0.62,0.48,0.88,1.02,0.66,0.6,0.56,0.87
01,14,0.46,0.57,0.75,0.62,0.99,0.48,0.36,0.27,0.62,0.31,0.43,0.67,0.49,0.55,0.67,0.57,0.52,0.39,0.68,0.42,0.7,0.85,0.35,0.51,0.47,0.7,0.61,0.95,0.63,0.51,0.94,0.83,0.38,0.78,0.59,0.75,0.81,0.55,0.87
01,15,0.55,0.69,0.68,0.71,1.03,0.57,0.36,0.3,0.68,0.31,0.32,0.71,0.48,0.52,0.6,0.59,0.55,0.36,0.59,0.48,0.67,0.72,0.36,0.47,0.36,0.61,0.71,0.83,0.64,0.47,0.74,0.75,0.47,0.82,0.62,0.77,0.77,0.52,0.78
01,16,0.63,0.6,0.68,0.62,0.88,0.55,0.26,0.31,0.59,0.41,0.28,0.72,0.39,0.57,0.56,0.55,0.56,0.52,0.59,0.51,0.65,0.98,0.33,0.47,0.45,0.69,0.57,0.8,0.55,0.45,0.89,0.78,0.54,0.79,0.7,0.87,0.68,0.47,0.67
01,17,0.59,0.7,0.52,0.52,0.73,0.57,0.3,0.23,0.51,0.52,0.2,0.63,0.41,0.59,0.52,0.56,0.57,0.44,0.59,0.47,0.49,0.91,0.32,0.47,0.57,0.82,0.5,0.78,0.65,0.4,0.87,0.98,0.94,0.64,0.65,0.85,0.78,0.43,0.65
01,18,0.54,0.63,0.76,0.41,0.73,0.59,0.25,0.23,0.46,0.53,0.3,0.55,0.5,0.59,0.52,0.49,0.57,0.62,0.63,0.5,0.64,0.79,0.42,0.58,0.59,0.85,0.52,0.72,0.71,0.43,0.64,0.87,0.73,0.51,0.61,0.76,0.76,0.61,0.66
01,19,0.64,0.55,0.91,0.55,0.63,0.59,0.19,0.19,0.39,0.51,0.27,0.36,0.76,0.6,0.56,0.59,0.48,0.56,0.55,0.46,0.62,0.61,0.72,0.5,0.7,0.66,0.56,0.62,0.68,0.44,0.75,0.98,0.77,0.64,0.61,0.82,0.71,0.54,0.57
01,20,0.54,0.61,0.83,0.67,0.66,0.63,0.33,0.17,0.46,0.6,0.3,0.39,0.55,0.6,0.68,0.56,0.41,0.65,0.59,0.49,0.69,0.84,0.59,0.42,0.56,0.57,0.75,0.65,0.7,0.56,0.96,0.96,0.83,0.7,0.48,0.67,0.76,0.54,0.59
01,21,0.3,0.52,0.75,0.48,0.55,0.68,0.38,0.17,0.35,0.7,0.32,0.64,0.49,0.58,0.7,0.41,0.36,0.63,0.6,0.47,0.72,0.87,0.63,0.56,0.62,0.6,0.63,0.69,0.71,0.48,1.04,1.01,0.79,0.71,0.37,0.7,0.8,0.48,0.57
01,22,0.32,0.68,0.84,0.48,0.4,0.67,0.39,0.09,0.43,0.64,0.38,0.28,0.46,0.59,0.57,0.4,0.36,0.68,0.6,0.41,0.99,0.6,0.65,0.49,0.64,0.71,0.55,0.62,0.76,0.64,0.86,0.89,0.76,0.7,0.36,0.57,0.91,0.48,0.72
01,23,0.51,0.71,0.84,0.65,0.36,0.72,0.36,0.22,0.28,0.59,0.39,0.31,0.55,0.6,0.6,0.57,0.35,0.67,0.72,0.44,0.83,0.6,0.63,0.45,0.81,0.57,0.74,0.57,0.8,0.68,0.92,0.74,0.9,0.63,0.44,0.69,0.85,0.46,0.82
01,24,0.49,0.98,0.91,0.79,0.43,0.63,0.31,0.31,0.23,0.51,0.36,0.4,0.68,0.79,0.56,0.63,0.39,0.69,0.76,0.6,0.74,0.55,0.87,0.38,0.86,0.52,0.92,0.58,0.64,0.56,1.03,0.78,0.72,0.47,0.45,0.54,0.82,0.57,0.91
01,25,0.42,0.73,0.79,0.58,0.39,0.7,0.28,0.39,0.27,0.43,0.48,0.52,0.68,0.78,0.51,0.75,0.32,0.48,0.82,0.65,0.62,0.6,0.96,0.33,0.78,0.47,0.96,0.55,0.6,0.47,0.96,0.77,0.77,0.49,0.53,0.53,0.84,0.57,0.73
01,26,0.36,0.64,0.67,0.79,0.51,0.75,0.31,0.54,0.28,0.39,0.39,0.57,0.65,0.71,0.49,0.72,0.39,0.47,0.92,0.6,0.53,0.6,0.97,0.53,0.64,0.41,1.0,0.56,0.67,0.4,0.92,0.74,0.73,0.45,0.5,0.51,0.76,0.62,0.75
01,27,0.39,0.63,0.7,0.78,0.55,0.52,0.35,0.52,0.27,0.4,0.49,0.48,0.7,0.7,0.46,0.72,0.51,0.43,0.86,0.61,0.49,0.65,0.88,0.66,0.5,0.5,1.07,0.58,0.66,0.48,0.91,0.91,0.68,0.44,0.53,0.46,0.81,0.55,0.92
01,28,0.55,0.56,0.5,0.57,0.65,0.39,0.28,0.57,0.38,0.25,0.43,0.56,0.69,0.57,0.5,0.65,0.56,0.43,0.84,0.64,0.65,0.76,0.87,0.66,0.47,0.6,0.99,0.69,0.6,0.54,0.94,1.16,0.56,0.48,0.51,0.46,0.93,0.72,0.94
01,29,0.62,0.43,0.51,0.45,0.63,0.68,0.33,0.63,0.38,0.18,0.52,0.27,0.75,0.54,0.4,0.61,0.62,0.35,0.76,0.56,0.76,0.81,0.83,0.65,0.59,0.53,0.85,0.75,0.59,0.54,0.76,1.13,0.69,0.46,0.48,0.52,0.8,0.6,0.87
01,30,0.59,0.42,0.46,0.8,0.7,0.8,0.22,0.52,0.44,0.27,0.48,0.31,0.75,0.64,0.39,0.57,0.55,0.38,0.86,0.55,0.78,0.62,0.78,0.56,0.55,0.5,0.76,0.86,0.63,0.43,0.77,1.12,1.12,0.4,0.47,0.52,0.79,0.57,0.89
01,31,0.65,0.54,0.33,1.09,0.56,0.83,0.12,0.52,0.39,0.27,0.36,0.52,0.72,0.65,0.33,0.6,0.51,0.32,0.84,0.52,0.77,0.42,0.59,0.51,0.55,0.49,0.8,0.81,0.65,0.43,0.73,1.24,0.95,0.48,0.53,0.51,0.83,0.58,0.99
02,01,0.63,0.63,0.54,1.59,0.59,0.63,0.15,0.48,0.44,0.35,0.2,0.59,0.56,0.59,0.36,0.65,0.6,0.31,0.68,0.51,0.73,0.43,0.71,0.43,0.59,0.38,0.84,0.84,0.63,0.74,0.81,1.03,1.12,0.49,0.61,0.68,1.11,0.48,0.99
02,02,0.73,0.67,0.64,1.14,0.52,0.84,0.27,0.52,0.42,0.28,0.16,0.49,0.51,0.76,0.33,0.52,0.6,0.48,0.65,0.39,0.67,0.43,0.6,0.56,0.47,0.45,1.05,0.77,0.71,0.5,1.06,1.05,1.13,0.37,0.57,0.73,1.12,0.53,0.78
02,03,0.46,0.51,0.68,0.8,0.5,0.71,0.3,0.48,0.33,0.39,0.22,0.41,0.41,0.85,0.36,0.61,0.46,0.49,0.68,0.38,0.71,0.43,0.48,0.64,0.46,0.51,1.19,0.75,0.65,0.55,0.99,1.09,1.05,0.48,0.55,0.75,1.12,0.58,0.88
02,04,0.61,0.54,0.46,0.55,0.48,0.63,0.31,0.47,0.33,0.43,0.39,0.39,0.43,0.75,0.46,0.72,0.43,0.42,0.75,0.4,0.98,0.53,0.41,0.65,0.45,0.69,1.01,0.68,0.6,0.75,0.71,0.81,1.14,0.52,0.53,0.65,0.83,0.63,0.91
02,05,0.43,0.41,0.48,0.57,0.4,0.63,0.33,0.32,0.33,0.47,0.33,0.46,0.4,0.79,0.54,0.65,0.51,0.4,0.8,0.33,0.74,0.46,0.47,0.59,0.44,0.77,0.88,0.74,0.57,0.71,0.59,0.84,1.09,0.41,0.67,0.46,0.79,0.42,0.75
02,06,0.67,0.44,0.62,0.84,0.36,0.59,0.27,0.31,0.28,0.48,0.38,0.49,0.49,0.72,0.55,0.68,0.58,0.33,0.75,0.51,0.83,0.47,0.47,0.35,0.61,0.65,1.04,0.84,0.6,0.53,0.82,0.8,1.23,0.48,0.79,0.58,0.77,0.58,0.65
02,07,0.71,0.46,0.52,0.87,0.39,0.8,0.27,0.4,0.33,0.4,0.36,0.67,0.38,0.71,0.51,0.68,0.56,0.43,0.72,0.62,0.69,0.51,0.52,0.31,0.78,0.65,1.17,0.63,0.54,0.73,0.9,0.77,1.07,0.85,0.63,0.81,0.76,0.62,0.94
02,08,0.78,0.57,0.51,0.95,0.36,0.68,0.24,0.43,0.38,0.33,0.33,0.75,0.43,0.75,0.48,0.71,0.72,0.44,0.84,0.48,0.68,0.57,0.49,0.48,0.68,0.62,1.22,0.55,0.53,0.76,0.92,0.98,0.91,0.87,0.71,0.65,0.75,0.65,0.92
02,09,0.66,0.7,0.65,0.97,0.46,0.72,0.36,0.43,0.55,0.31,0.36,0.68,0.51,0.68,0.48,0.55,0.61,0.52,0.89,0.49,0.64,0.57,0.39,0.67,0.67,0.52,1.09,0.61,0.47,0.61,0.84,0.84,0.83,0.81,0.82,0.43,0.72,0.66,1.02
02,10,0.71,0.48,0.81,0.96,0.56,0.59,0.38,0.39,0.76,0.32,0.32,0.64,0.51,0.76,0.43,0.54,0.63,0.46,0.78,0.55,0.4,0.47,0.39,0.62,0.52,0.49,1.05,0.87,0.46,0.68,0.72,1.22,0.55,0.94,0.83,0.4,0.73,0.75,0.81
02,11,0.75,0.43,0.91,0.84,0.62,0.54,0.31,0.49,0.59,0.27,0.3,0.63,0.52,0.75,0.48,0.51,0.71,0.47,0.59,0.54,0.35,0.43,0.35,0.56,0.51,0.48,1.09,0.94,0.45,0.88,1.37,1.0,0.51,0.8,0.69,0.52,0.9,0.73,0.91
02,12,1.0,0.26,0.71,0.74,0.72,0.63,0.3,0.55,0.69,0.27,0.31,0.67,0.57,0.6,0.46,0.51,0.6,0.43,0.49,0.61,0.41,0.44,0.4,0.52,0.85,0.46,0.98,1.0,0.42,0.72,1.41,0.76,0.61,0.89,0.62,0.73,0.53,0.63,0.96
02,13,0.92,0.44,0.68,0.7,0.81,0.55,0.22,0.54,0.62,0.31,0.17,0.71,0.55,0.7,0.46,0.48,0.7,0.36,0.59,0.57,0.49,0.4,0.64,0.58,0.92,0.41,0.83,0.94,0.41,0.55,1.03,0.87,0.61,0.92,0.61,0.73,0.48,0.61,0.85
02,14,0.72,0.6,0.56,0.57,0.75,0.33,0.11,0.88,0.52,0.52,0.17,0.75,0.72,0.63,0.48,0.4,0.78,0.44,0.59,0.63,0.52,0.37,0.63,0.53,0.94,0.25,0.73,0.83,0.46,0.46,0.75,0.86,0.58,0.97,0.56,0.64,0.22,0.74,0.69
02,15,0.69,0.67,0.68,0.63,0.8,0.54,0.14,0.84,0.52,0.43,0.11,0.62,0.59,0.63,0.56,0.43,0.71,0.47,0.5,0.6,0.58,0.43,0.75,0.59,0.86,0.3,0.71,0.82,0.62,0.34,0.61,0.87,0.65,0.86,0.49,0.64,0.33,0.59,0.51
02,16,0.84,0.61,0.63,0.59,0.75,0.68,0.27,0.6,0.73,0.6,0.22,0.57,0.65,0.57,0.41,0.32,0.59,0.72,0.39,0.67,0.61,0.38,0.67,0.74,0.61,0.22,0.65,0.83,1.11,0.3,0.54,1.02,0.64,0.68,0.41,0.7,0.44,0.6,0.47
02,17,0.73,0.54,0.68,0.72,0.86,0.67,0.31,0.6,0.67,0.53,0.28,0.55,0.63,0.66,0.34,0.43,0.6,0.62,0.36,0.5,0.48,0.38,0.43,0.76,0.6,0.19,0.57,0.91,1.0,0.32,0.5,1.07,0.62,0.8,0.44,0.63,0.49,0.51,0.54
02,18,0.37,0.63,0.68,0.84,0.8,0.7,0.35,0.52,0.68,0.55,0.27,0.43,0.84,0.8,0.43,0.35,0.7,0.62,0.35,0.54,0.49,0.5,0.36,0.62,0.76,0.22,0.7,0.89,0.89,0.45,0.5,0.83,0.71,0.69,0.42,0.72,0.56,0.45,0.59
02,19,0.33,0.66,0.52,0.81,0.88,0.75,0.36,0.4,0.63,0.43,0.55,0.48,0.68,1.0,0.63,0.2,0.52,0.81,0.37,0.58,0.57,0.75,0.44,0.73,0.71,0.44,0.41,1.12,0.87,0.48,0.47,0.83,0.56,0.71,0.32,0.71,0.59,0.53,0.57
02,20,0.51,0.58,0.48,0.7,0.84,0.7,0.38,0.36,0.48,0.39,0.55,0.44,0.55,1.03,0.63,0.23,0.62,0.75,0.48,0.49,0.58,0.64,0.7,0.73,0.75,0.51,0.43,1.23,0.79,0.51,0.5,0.79,0.46,0.69,0.32,0.64,0.56,0.43,0.5
02,21,0.48,0.56,0.47,0.68,0.65,0.65,0.41,0.33,0.47,0.39,0.65,0.47,0.43,0.92,0.51,0.31,0.62,0.63,0.54,0.55,0.62,0.63,0.83,0.52,0.71,0.49,0.46,0.96,0.86,0.46,0.57,0.59,0.6,0.62,0.31,0.63,0.54,0.55,0.37
02,22,0.54,0.51,0.46,0.84,0.44,0.39,0.44,0.31,0.47,0.33,0.55,0.52,0.43,0.8,0.52,0.4,0.65,0.52,0.64,0.41,0.6,0.79,0.74,0.44,0.72,0.46,0.48,0.81,0.88,0.41,0.66,0.59,0.79,0.68,0.43,0.79,0.51,0.63,0.39
02,23,0.34,0.44,0.36,0.94,0.51,0.41,0.49,0.35,0.35,0.36,0.49,0.66,0.43,0.59,0.52,0.52,0.44,0.47,0.78,0.57,0.5,0.75,0.73,0.44,0.64,0.41,0.52,0.73,0.84,0.43,0.96,0.56,0.74,0.79,0.49,0.79,0.43,0.57,0.35
02,24,0.35,0.57,0.23,0.96,0.67,0.57,0.87,0.43,0.33,0.27,0.46,0.73,0.6,0.55,0.52,0.43,0.6,0.44,0.8,0.77,0.37,0.81,0.7,0.68,0.51,0.33,0.51,0.89,0.71,0.42,1.0,0.45,0.55,0.82,0.81,0.85,0.52,0.53,0.41
02,25,0.39,0.68,0.23,0.83,0.7,0.39,0.92,0.51,0.39,0.26,0.43,0.72,0.68,0.55,0.55,0.45,0.4,0.46,0.71,0.73,0.25,0.71,0.91,0.72,0.7,0.36,0.51,1.0,0.51,0.41,0.95,0.53,0.68,0.69,0.75,0.69,0.26,0.7,0.51
02,26,0.45,0.68,0.22,0.72,0.68,0.38,0.95,0.64,0.51,0.23,0.57,0.65,0.83,0.46,0.51,0.51,0.36,0.39,0.7,0.74,0.36,0.75,0.89,0.77,0.7,0.4,0.5,1.1,0.5,0.47,0.64,0.63,0.72,0.65,0.58,0.76,0.33,0.79,0.52
02,27,0.53,0.57,0.2,0.71,0.65,0.43,0.75,0.72,0.64,0.2,0.59,0.62,0.62,0.31,0.55,0.51,0.52,0.27,0.72,0.77,0.43,0.79,0.64,0.8,0.66,0.43,0.53,0.92,0.61,0.39,0.61,0.68,0.54,0.63,0.58,0.78,0.23,0.73,0.55
02,28,0.5,0.68,0.14,0.59,0.63,0.55,0.83,0.78,0.67,0.11,0.55,0.65,0.48,0.33,0.23,0.54,0.54,0.14,0.91,0.8,0.44,0.88,0.87,0.8,0.8,0.36,0.53,1.17,0.63,0.35,0.59,0.79,0.55,0.71,0.76,0.71,0.38,0.85,0.6
02,29,,0.71,,,,0.72,,,,0.15,,,,0.31,,,,0.25,,,,0.76,,,,0.29,,,,0.32,,,,1.03,,,,0.69,
03,01,0.53,0.82,0.19,0.58,0.59,0.68,0.86,0.87,0.6,0.2,0.48,0.71,0.49,0.48,0.23,0.68,0.5,0.67,0.67,0.82,0.48,0.72,0.75,0.79,0.85,0.45,0.55,1.17,0.85,0.35,0.48,1.03,0.65,0.9,0.8,0.85,0.52,0.79,0.5
03,02,0.59,0.81,0.54,0.75,0.67,0.56,0.89,0.72,0.59,0.23,0.65,0.8,0.55,0.58,0.27,0.7,0.55,0.48,0.7,0.77,0.53,0.71,0.65,0.83,0.75,0.56,0.59,1.02,0.88,0.33,0.54,0.98,0.75,0.77,0.57,0.93,0.56,0.94,0.43
03,03,0.46,0.95,0.57,0.52,0.75,0.55,1.02,0.43,0.57,0.22,0.51,0.59,0.68,0.65,0.27,0.57,0.61,0.51,0.91,0.78,0.65,0.59,0.78,0.76,0.76,0.6,0.48,0.9,0.74,0.38,0.56,0.83,0.65,0.97,0.7,0.98,0.62,0.88,0.44
03,04,0.41,0.84,0.46,0.4,0.57,0.65,0.8,0.05,0.43,0.24,0.55,0.39,0.75,0.71,0.35,0.46,0.78,0.56,0.89,0.7,0.56,0.55,0.8,0.83,0.68,0.59,0.64,0.94,0.58,0.45,0.54,1.1,0.65,0.68,0.77,1.0,0.83,0.6,0.46
03,05,0.34,0.76,0.51,0.33,0.48,0.71,0.59,0.04,0.39,0.26,0.47,0.16,0.65,0.61,0.43,0.43,0.86,0.52,0.84,0.62,0.53,0.65,0.7,0.83,0.65,0.63,0.96,0.78,0.62,0.51,0.42,0.75,0.72,1.21,0.81,0.86,0.81,0.67,0.49
03,06,0.33,0.42,0.46,0.43,0.49,0.72,0.62,0.14,0.48,0.28,0.55,0.23,0.57,0.5,0.48,0.32,0.76,0.48,0.79,0.6,0.55,0.7,0.55,0.83,0.65,0.75,0.87,0.72,0.69,0.6,0.84,0.66,0.73,1.09,0.67,0.94,0.75,1.01,0.48
03,07,0.27,0.46,0.41,0.5,0.43,0.67,0.65,0.2,0.55,0.3,0.67,0.31,0.65,0.52,0.48,0.48,0.74,0.41,0.75,0.39,0.62,0.9,0.6,0.43,0.72,0.81,0.78,0.76,0.71,0.49,0.8,0.7,0.67,0.96,0.52,0.87,0.93,0.84,0.24
03,08,0.26,0.62,0.44,0.57,0.41,0.64,0.68,0.35,0.72,0.27,0.75,0.39,0.59,0.51,0.52,0.62,0.57,0.48,1.02,0.44,0.52,0.9,0.65,0.44,0.72,0.83,0.84,0.63,0.54,0.6,0.76,0.61,0.65,0.87,0.56,0.75,0.91,0.8,0.3
03,09,0.31,0.62,0.39,0.57,0.33,0.55,0.7,0.4,0.8,0.16,0.72,0.4,0.63,0.46,0.46,0.56,0.47,0.52,1.0,0.55,0.47,0.7,0.7,0.68,0.57,0.83,0.78,0.83,0.46,0.54,0.82,0.43,0.7,0.89,0.6,0.76,0.69,0.77,0.47
03,10,0.34,0.56,0.43,0.57,0.41,0.51,0.68,0.33,0.48,0.12,0.7,0.42,0.35,0.43,0.4,0.54,0.41,0.55,0.96,0.62,0.44,0.64,0.68,0.76,0.55,0.84,0.9,0.89,0.48,0.34,0.89,0.48,0.5,0.88,0.65,0.73,0.64,0.77,0.47
03,11,0.38,0.43,0.45,0.59,0.44,0.48,0.63,0.3,0.51,0.2,0.63,0.48,0.3,0.46,0.49,0.55,0.32,0.51,0.97,0.71,0.34,0.6,0.71,0.7,0.45,0.92,0.85,0.82,0.46,0.42,0.98,0.45,0.5,0.79,0.69,1.19,0.69,0.81,0.61
03,12,0.36,0.35,0.43,0.59,0.46,0.55,0.52,0.36,0.55,0.15,0.52,0.55,0.33,0.52,0.43,0.59,0.39,0.48,0.87,0.69,0.35,0.69,0.79,0.64,0.4,0.72,0.73,0.67,0.38,0.44,1.0,0.45,0.51,0.76,0.74,1.02,0.55,0.74,0.74
03,13,0.42,0.34,0.33,0.59,0.46,0.66,0.41,0.36,0.59,0.37,0.39,0.62,0.48,0.44,0.52,0.57,0.48,0.3,0.84,0.7,0.49,0.52,0.83,0.61,0.31,0.76,0.66,0.61,0.44,0.45,1.01,0.48,0.43,0.8,0.7,0.88,0.54,0.71,0.8
03,14,0.44,0.47,0.31,0.52,0.54,0.7,0.42,0.35,0.59,0.59,0.23,0.6,0.62,0.43,0.41,0.52,0.52,0.31,0.76,0.76,0.41,0.4,0.6,0.66,0.37,0.61,0.65,0.61,0.51,0.44,0.98,0.51,0.38,0.67,0.59,0.75,0.49,0.69,0.81
03,15,0.71,0.56,0.32,0.43,0.49,0.73,0.47,0.36,0.55,0.63,0.11,0.55,0.68,0.63,0.3,0.48,0.6,0.44,0.56,0.73,0.39,0.31,0.51,0.75,0.45,0.52,0.64,0.65,0.5,0.3,0.99,0.63,0.42,0.58,0.56,0.87,0.55,0.65,0.67
03,16,0.79,0.7,0.59,0.36,0.59,0.86,0.52,0.28,0.67,0.48,0.15,0.57,0.71,0.73,0.25,0.43,0.7,0.47,0.52,0.61,0.5,0.31,0.39,0.73,0.54,0.72,0.6,0.64,0.95,0.39,0.91,0.62,0.53,0.58,0.42,1.08,0.66,0.42,0.62
03,17,0.74,0.76,0.57,0.35,0.57,0.73,0.59,0.26,0.71,0.38,0.2,0.54,0.68,0.72,0.31,0.35,0.72,0.52,0.78,0.53,0.44,0.33,0.31,0.74,0.67,0.7,0.46,0.64,0.83,0.46,0.83,0.65,0.5,0.45,0.39,0.99,0.78,0.35,0.47
03,18,0.4,0.75,0.71,0.28,0.63,0.81,0.56,0.14,0.68,0.48,0.27,0.48,0.64,0.75,0.44,0.43,0.67,0.55,0.7,0.56,0.47,0.44,0.25,0.72,0.85,0.69,0.27,0.66,0.78,0.6,1.0,0.64,0.52,0.51,0.51,1.2,0.72,0.42,0.44
03,19,0.44,0.73,0.64,0.22,0.71,0.83,0.41,0.06,0.63,0.48,0.33,0.39,0.7,0.76,0.59,0.43,0.7,0.67,0.7,0.59,0.53,0.59,0.33,0.67,0.84,0.65,0.39,0.59,0.79,0.56,0.91,0.66,0.57,0.55,0.53,1.23,0.67,0.46,0.51
03,20,0.53,0.68,0.75,0.28,0.8,0.68,0.52,0.16,0.6,0.53,0.38,0.3,0.76,0.76,0.68,0.35,0.72,0.61,0.63,0.7,0.6,0.64,0.38,0.68,0.93,0.69,0.38,0.54,0.75,0.46,0.71,0.58,0.59,0.63,0.42,1.02,0.59,0.53,0.5
03,21,0.45,0.53,1.03,0.43,0.62,0.7,0.64,0.25,0.51,0.55,0.49,0.36,0.39,0.76,0.6,0.23,0.72,0.48,0.73,0.6,0.66,0.69,0.41,0.62,1.0,1.0,0.5,0.52,0.75,0.43,0.61,0.52,0.7,0.73,0.32,1.0,0.52,0.55,0.44
03,22,0.57,0.54,0.79,0.52,0.41,0.75,0.57,0.33,0.47,0.62,0.48,0.36,0.23,0.73,0.64,0.25,0.75,0.46,0.79,0.47,0.57,0.66,0.48,0.63,0.91,0.94,0.51,0.43,0.77,0.45,0.69,0.55,0.72,0.71,0.38,0.79,0.46,0.6,0.37
03,23,0.57,0.48,0.84,0.55,0.32,0.55,0.51,0.43,0.48,0.79,0.46,0.44,0.3,0.68,0.75,0.28,0.72,0.46,0.75,0.36,0.47,0.64,0.52,0.55,0.78,1.02,0.61,0.26,0.57,0.46,0.84,0.59,0.73,0.79,0.45,0.84,0.47,0.46,0.41
03,24,0.77,0.48,0.89,0.72,0.39,0.39,0.48,0.52,0.39,0.84,0.44,0.47,0.24,0.5,0.84,0.48,0.5,0.52,0.87,0.32,0.25,0.65,0.56,0.65,0.67,1.07,0.76,0.34,0.44,0.43,0.97,0.51,0.61,0.8,0.45,0.75,0.49,0.51,0.49
03,25,0.87,0.83,0.83,0.75,0.44,0.39,0.47,0.64,0.57,0.55,0.48,0.59,0.49,0.43,0.79,0.5,0.47,0.52,0.95,0.49,0.27,0.59,0.64,0.69,0.69,0.93,0.91,0.52,0.38,0.42,0.95,0.55,0.91,0.76,0.59,0.75,0.58,0.56,0.63
03,26,0.97,0.8,0.67,0.72,0.56,0.43,0.49,0.59,0.51,0.79,0.48,0.73,0.59,0.36,0.59,0.45,0.63,0.43,0.94,0.65,0.46,0.49,0.72,0.72,0.6,0.83,0.87,0.77,0.43,0.41,0.93,0.63,0.79,0.76,0.6,0.73,0.59,0.6,0.71
03,27,0.99,0.68,0.6,0.68,0.68,0.39,0.51,0.72,0.58,0.66,0.43,0.68,0.79,0.46,0.49,0.52,0.72,0.44,0.81,0.66,0.52,0.48,0.76,0.76,0.62,0.8,0.89,0.79,0.48,0.38,0.94,0.8,0.59,0.72,0.61,0.72,0.45,0.57,0.7
03,28,0.97,0.61,0.59,0.63,0.96,0.48,0.47,0.63,0.64,0.55,0.31,0.6,0.74,0.44,0.52,0.59,0.67,0.35,0.74,0.6,0.54,0.35,0.79,1.0,0.62,0.62,0.98,0.81,0.58,0.34,0.99,0.71,0.39,0.72,0.57,0.76,0.19,0.57,0.58
03,29,1.05,0.92,0.49,0.57,0.84,0.56,0.41,0.51,0.63,0.63,0.39,0.63,0.72,0.55,0.62,0.6,0.58,0.64,0.78,0.51,0.55,0.24,0.75,0.9,0.61,0.38,1.15,0.8,0.52,0.35,1.03,0.62,0.58,0.72,0.56,0.95,0.15,0.6,0.51
03,30,0.68,0.72,0.31,0.57,0.72,0.95,0.3,0.55,0.64,0.75,0.42,0.54,0.43,0.62,0.41,0.62,0.6,0.46,0.92,0.53,0.59,0.37,0.71,0.85,0.68,0.42,1.06,1.08,0.5,0.4,1.18,0.69,0.83,0.58,0.57,1.17,0.31,0.61,0.45
03,31,0.65,0.68,0.39,0.52,0.56,0.86,0.36,0.37,0.55,1.2,0.28,0.52,0.55,0.63,0.36,0.62,0.63,0.54,0.72,0.56,0.58,0.51,0.62,0.84,0.65,0.53,0.64,1.02,0.46,0.57,1.24,0.76,1.02,0.52,0.52,1.06,0.43,0.55,0.48
04,01,0.76,0.8,0.43,0.46,0.48,0.75,0.54,0.23,0.47,1.04,0.39,0.59,0.52,0.8,0.38,0.54,0.7,0.59,0.48,0.55,0.61,0.54,0.54,0.74,0.6,0.64,0.53,0.81,0.49,0.54,0.97,0.77,0.88,0.42,0.57,0.95,0.58,0.41,0.53
04,02,0.86,0.98,0.63,0.38,0.68,0.64,0.55,0.27,0.43,1.08,0.71,0.7,0.49,0.83,0.43,0.48,0.71,0.67,0.39,0.47,0.76,0.64,0.36,0.67,0.64,0.8,0.51,0.8,0.58,0.6,0.87,0.78,1.02,0.36,0.57,0.81,0.77,0.48,0.63
04,03,0.79,0.89,0.65,0.48,0.81,0.52,0.73,0.52,0.51,1.0,0.73,0.39,0.48,0.78,0.62,0.43,0.7,1.02,0.48,0.41,0.78,0.67,0.46,0.59,0.77,0.72,0.47,0.67,0.68,0.66,0.71,0.77,0.81,0.49,0.39,0.76,0.84,0.44,0.67
04,04,0.74,0.68,0.72,0.53,0.87,0.51,0.95,0.59,0.57,1.05,0.69,0.39,0.49,0.76,0.87,0.59,0.63,0.91,0.67,0.51,0.61,0.69,0.52,0.48,0.74,0.7,0.54,0.56,0.67,0.68,0.72,0.79,0.89,0.61,0.44,0.72,1.29,0.52,0.45
04,05,0.57,0.68,0.79,0.54,0.87,0.47,0.91,0.53,0.63,1.0,0.57,0.43,0.43,0.74,0.76,0.71,0.57,1.05,0.72,0.56,0.54,0.83,0.55,0.64,0.66,0.68,0.59,0.56,0.6,0.73,1.01,0.75,0.82,0.52,0.4,0.75,1.05,0.65,0.5
04,06,0.62,0.55,0.81,0.56,0.51,0.52,0.99,0.68,0.62,0.79,0.65,0.68,0.3,0.65,0.78,0.65,0.46,1.11,0.7,0.56,0.67,0.93,0.55,0.73,0.57,0.89,0.72,0.32,0.56,0.82,0.88,0.52,0.81,0.77,0.48,0.63,0.86,0.69,0.58
04,07,0.68,0.58,0.76,0.61,0.39,0.56,0.94,0.8,0.29,0.7,0.71,0.68,0.22,0.63,0.63,0.72,0.43,0.92,1.03,0.47,0.63,0.88,0.65,0.57,0.62,0.94,0.75,0.35,0.46,0.88,0.9,0.4,0.7,0.81,0.49,0.49,0.83,0.67,0.6
04,08,0.56,0.52,0.78,0.74,0.41,0.5,0.75,0.63,0.31,0.68,0.6,0.67,0.3,0.63,0.55,0.68,0.46,0.59,0.83,0.53,0.6,0.75,0.8,0.57,0.62,0.91,0.75,0.49,0.51,0.83,1.04,0.56,0.63,0.85,0.53,0.46,0.78,0.67,0.61
04,09,0.58,0.39,0.8,0.72,0.6,0.41,0.63,0.68,0.3,0.68,0.55,0.75,0.29,0.55,0.49,0.73,0.46,0.57,0.75,0.74,0.64,0.65,0.76,0.61,0.55,0.79,0.65,0.52,0.56,0.8,1.01,0.63,0.49,0.82,0.58,0.71,0.7,0.62,0.65
04,10,0.63,0.57,0.8,0.69,0.69,0.43,0.44,0.8,0.48,0.6,0.58,0.7,0.41,0.41,0.44,0.94,0.47,0.56,0.7,0.72,0.8,0.69,0.75,1.05,0.47,0.77,0.63,0.64,0.55,0.63,0.95,0.7,0.44,0.77,0.59,0.71,0.71,0.62,0.67
04,11,0.77,0.75,0.55,0.67,0.75,0.46,0.41,0.89,0.38,0.63,0.6,0.75,0.49,0.44,0.51,0.91,0.55,0.56,0.68,0.82,0.73,0.53,0.76,0.87,0.4,0.83,0.6,0.6,0.37,0.78,0.88,0.67,0.44,0.69,0.62,0.69,0.76,0.63,0.78
04,12,0.75,0.73,0.52,0.73,0.76,0.62,0.47,0.84,0.57,0.67,0.47,0.87,0.48,0.52,0.54,0.83,0.75,0.65,0.72,0.95,0.65,0.56,0.8,0.86,0.51,0.73,0.58,0.67,0.6,0.78,0.88,0.69,0.32,0.66,0.63,0.7,0.69,0.57,0.83
04,13,0.76,0.68,0.56,0.73,0.73,0.71,0.65,0.72,0.65,0.74,0.48,0.87,0.61,0.63,0.16,0.76,0.75,0.76,0.52,0.92,0.46,0.59,0.65,0.82,0.5,0.63,0.65,0.72,0.67,0.72,0.87,0.65,0.45,0.59,0.64,0.74,0.65,0.49,0.74
04,14,0.68,0.68,0.55,0.52,0.68,0.63,0.7,0.56,0.59,0.75,0.39,0.8,0.55,0.67,0.11,0.72,0.84,0.86,0.48,0.83,0.6,0.57,0.64,0.73,0.62,0.64,0.64,0.74,0.67,0.83,0.64,0.83,0.47,0.59,0.65,0.65,0.78,0.44,0.57
04,15,0.52,0.75,0.48,0.61,0.6,0.56,0.6,0.55,0.52,0.95,0.48,0.7,0.69,0.6,0.52,0.68,1.0,0.95,0.48,0.81,0.68,0.56,0.59,0.67,0.64,0.72,0.55,0.7,0.68,0.8,0.5,0.77,0.53,0.71,0.66,0.82,0.68,0.35,0.49
04,16,0.49,0.83,0.52,0.74,0.55,0.6,0.68,0.55,0.67,0.83,0.47,0.52,0.68,0.58,0.55,0.72,1.07,0.83,0.68,0.82,0.78,0.64,0.72,0.7,0.71,0.76,0.54,0.66,0.72,0.77,0.49,0.66,0.69,0.76,0.66,0.88,0.73,0.49,0.46
04,17,0.48,0.78,0.54,0.7,0.52,0.64,0.7,0.43,0.65,0.76,0.48,0.62,0.63,0.64,0.56,0.72,0.99,0.87,0.62,0.82,0.74,0.76,0.68,0.67,0.72,0.77,0.56,0.65,0.65,0.78,0.39,0.75,0.79,0.83,0.63,0.84,0.75,0.5,0.43
04,18,0.54,0.7,0.55,0.93,0.55,0.62,0.76,0.55,0.71,0.56,0.52,0.47,0.67,0.68,0.46,0.75,1.03,0.8,0.76,0.74,0.75,0.76,0.59,0.61,0.77,0.77,0.59,0.64,0.63,1.02,0.37,0.79,0.71,0.8,0.62,0.78,0.74,0.62,0.51
04,19,0.62,0.62,0.55,0.74,0.55,0.59,0.8,0.52,0.59,0.49,0.57,0.48,0.71,0.6,0.6,0.71,0.83,0.84,0.8,0.62,0.73,0.9,0.72,0.55,0.7,0.86,0.72,0.66,0.64,1.0,0.52,0.82,0.57,0.68,0.5,0.7,0.69,0.64,0.51
04,20,0.56,0.52,0.63,0.69,0.52,0.58,0.73,0.62,0.48,0.52,0.6,0.43,0.64,0.55,0.73,0.6,0.69,0.89,0.75,0.48,0.6,0.84,0.75,0.48,0.63,0.82,0.6,0.58,0.66,1.02,0.53,0.78,0.5,0.57,0.51,0.53,0.64,0.66,0.54
04,21,0.5,0.36,0.63,0.72,0.56,0.56,0.76,0.57,0.48,0.54,0.63,0.65,0.46,0.49,0.71,0.59,0.56,0.88,0.78,0.51,0.57,0.69,0.75,0.47,0.58,0.95,0.7,0.56,0.69,0.91,0.6,0.8,0.48,0.61,0.45,0.45,0.59,0.74,0.62
04,22,0.6,0.38,0.63,0.88,0.46,0.39,0.65,0.72,0.43,0.46,0.63,0.71,0.45,0.47,0.78,0.63,0.51,0.8,0.72,0.53,0.46,0.67,0.75,0.58,0.44,0.84,0.68,0.65,0.64,0.84,0.71,0.69,0.49,0.73,0.55,0.45,0.71,0.69,0.7
04,23,0.71,0.46,0.62,0.84,0.42,0.52,0.52,0.68,0.4,0.43,0.57,0.84,0.42,0.42,0.78,0.68,0.56,0.75,0.8,0.48,0.51,0.63,0.79,0.63,0.36,0.74,0.72,0.79,0.54,0.78,0.67,0.69,0.54,0.85,0.68,0.5,0.85,0.71,0.65
04,24,0.82,0.51,0.62,0.76,0.52,0.55,0.46,0.71,0.55,0.38,0.54,0.89,0.59,0.31,0.71,0.78,0.55,0.7,0.8,0.65,0.44,0.65,0.91,0.6,0.43,0.66,0.7,0.68,0.49,0.85,0.54,0.7,0.59,0.85,0.77,0.58,0.69,0.75,0.66
04,25,0.75,0.52,0.59,0.7,0.59,0.54,0.46,0.64,0.6,0.39,0.5,0.89,0.75,0.27,0.68,0.73,0.63,0.63,0.84,0.71,0.51,0.64,0.92,0.68,0.45,0.6,0.73,0.71,0.42,0.76,0.55,0.83,0.49,0.83,0.91,0.67,0.51,0.82,0.72
04,26,0.75,0.59,0.48,0.73,0.67,0.52,0.67,0.6,0.87,0.43,0.43,0.7,0.79,0.28,0.67,0.78,0.68,0.43,0.84,0.87,0.72,0.42,0.84,0.79,0.47,0.52,0.84,0.79,0.49,0.61,0.73,0.91,0.53,0.7,1.0,0.7,0.48,0.82,0.83
04,27,0.68,0.56,0.52,0.73,0.57,0.52,0.63,0.51,0.72,0.52,0.32,0.57,0.7,0.32,0.69,0.91,0.7,0.46,0.69,0.9,0.72,0.44,0.68,0.72,0.52,0.41,1.15,0.76,0.63,0.45,0.91,0.99,0.67,0.74,1.0,0.68,0.51,0.81,0.85
04,28,0.66,0.54,0.55,0.74,0.49,0.72,0.55,0.47,0.55,0.55,0.4,0.55,0.65,0.43,0.65,0.88,0.6,0.62,0.59,0.85,0.66,0.57,0.64,0.72,0.58,0.47,1.15,0.75,0.73,0.4,0.85,0.98,0.66,0.68,0.95,0.74,0.55,0.73,0.85
04,29,0.66,0.55,0.49,0.5,0.51,0.75,0.64,0.39,0.49,0.62,0.49,0.51,0.64,0.57,0.52,0.78,0.75,0.67,0.52,0.8,0.67,0.69,0.46,0.78,0.61,0.63,0.73,0.77,0.74,0.49,0.68,0.92,0.63,0.55,0.68,0.78,0.62,0.69,0.83
04,30,0.65,0.7,0.8,0.45,0.55,0.77,0.64,0.16,0.62,0.79,0.48,0.43,0.61,0.76,0.46,0.64,0.77,0.67,0.41,0.74,0.76,0.79,0.36,0.72,0.72,0.82,0.63,0.71,0.84,0.55,0.55,0.84,0.73,0.49,0.52,0.72,0.67,0.65,0.82
05,01,0.71,0.67,0.86,0.37,0.54,0.76,0.63,0.14,0.7,0.67,0.57,0.36,0.49,0.81,0.43,0.7,0.72,0.67,0.52,0.56,0.66,0.75,0.48,0.68,0.74,0.85,0.48,0.7,0.83,0.61,0.49,0.77,0.84,0.64,0.53,0.64,0.69,0.69,0.83
05,02,0.69,0.62,1.03,0.6,0.52,0.84,0.68,0.22,0.71,0.54,0.67,0.38,0.51,0.87,0.44,0.54,0.63,0.71,0.59,0.51,0.61,0.79,0.56,0.63,0.66,0.69,0.65,0.71,0.84,0.66,0.53,0.75,0.81,0.69,0.6,0.73,0.77,0.73,0.86
05,03,0.5,0.67,0.84,0.68,0.62,0.86,0.63,0.27,0.87,0.5,0.68,0.43,0.5,0.83,0.65,0.51,0.62,0.75,0.71,0.52,0.57,0.95,0.7,0.55,0.63,0.63,0.56,0.74,0.87,0.75,0.62,0.77,0.76,0.65,0.57,0.78,0.77,0.66,0.59
05,04,0.53,0.76,0.83,0.74,0.62,0.84,0.67,0.39,0.68,0.54,0.63,0.54,0.45,0.73,0.83,0.75,0.68,0.8,0.86,0.56,0.52,1.06,0.78,0.37,0.79,0.64,0.62,0.69,0.87,0.87,0.63,0.63,0.74,0.73,0.63,0.77,0.85,0.72,0.77
05,05,0.52,0.75,0.8,0.74,0.43,0.81,0.65,0.39,0.52,0.52,0.71,0.66,0.37,0.68,0.95,0.68,0.73,0.78,0.88,0.39,0.51,1.03,0.75,0.44,0.71,0.64,0.73,0.82,0.82,0.9,0.68,0.52,0.76,0.77,0.6,0.61,0.88,0.84,0.83
05,06,0.55,0.55,0.86,0.74,0.41,0.63,0.79,0.48,0.33,0.5,0.71,0.55,0.34,0.7,1.21,0.63,0.64,0.75,0.87,0.42,0.52,0.99,0.79,0.47,0.62,0.64,0.74,0.75,0.65,0.84,0.75,0.51,0.77,0.85,0.69,0.59,0.8,0.83,0.83
05,07,0.55,0.44,0.86,0.7,0.32,0.47,0.7,0.52,0.45,0.42,0.64,0.6,0.47,0.65,0.89,0.62,0.46,0.75,0.84,0.49,0.43,1.03,0.83,0.5,0.53,0.61,0.73,0.71,0.61,0.73,0.81,0.57,0.77,0.79,0.61,0.52,0.73,0.73,0.85
05,08,0.8,0.52,0.8,0.73,0.48,0.51,0.6,0.48,0.51,0.36,0.57,0.65,0.6,0.61,0.88,0.59,0.52,0.56,0.78,0.84,0.42,1.0,0.87,0.6,0.48,0.59,0.69,0.68,0.74,0.68,0.71,0.58,0.68,0.75,0.78,0.64,0.73,0.71,0.66
05,09,0.76,0.75,0.59,0.62,0.59,0.63,0.62,0.48,0.52,0.46,0.54,0.63,0.76,0.62,0.8,0.62,0.59,0.47,0.75,0.75,0.47,0.79,0.78,0.76,0.54,0.57,0.63,0.71,0.74,0.63,0.77,0.65,0.63,0.72,0.86,0.77,0.79,0.76,0.65
05,10,0.87,0.74,0.47,0.5,0.78,0.65,0.52,0.51,0.68,0.6,0.49,0.65,0.64,0.68,0.64,0.7,0.6,0.43,0.75,0.66,0.46,0.63,0.73,0.67,0.6,0.46,0.63,0.83,0.54,0.53,0.82,0.75,0.53,0.67,0.81,0.75,0.63,0.75,0.73
05,11,0.95,0.73,0.44,0.5,0.81,0.67,0.59,0.55,0.71,0.68,0.38,0.64,0.78,0.83,0.52,0.68,0.68,0.52,0.71,0.7,0.52,0.66,0.67,0.65,0.75,0.51,0.69,0.92,0.52,0.45,0.79,0.84,0.52,0.76,0.97,0.76,0.65,0.8,0.84
05,12,0.76,0.74,0.53,0.5,1.0,0.81,0.68,0.55,0.71,0.54,0.43,0.68,0.87,0.94,0.55,0.68,0.75,0.6,0.58,0.74,0.62,0.69,0.55,0.68,0.79,0.55,0.65,0.89,0.65,0.45,0.71,0.83,0.59,0.77,0.86,0.82,0.67,0.72,0.83
05,13,0.79,0.75,0.66,0.5,0.87,0.78,0.64,0.51,0.67,0.48,0.57,0.63,0.98,0.84,0.43,0.62,0.73,0.6,0.55,0.65,0.83,0.75,0.46,0.73,0.8,0.52,0.6,0.89,0.67,0.55,0.66,0.81,0.7,0.71,0.76,0.89,0.69,0.7,0.87
05,14,0.71,0.79,0.63,0.52,0.71,0.84,0.57,0.47,0.67,0.43,0.63,0.65,0.72,0.75,0.52,0.62,0.87,0.63,0.59,0.69,0.77,0.72,0.48,0.7,0.91,0.59,0.54,0.82,0.81,0.63,0.59,0.69,0.87,0.77,0.76,0.9,0.76,0.71,0.77
05,15,0.68,0.96,0.59,0.5,0.84,0.82,0.54,0.38,0.68,0.43,0.55,0.63,0.66,0.8,0.57,0.64,0.79,0.63,0.81,0.66,0.74,0.66,0.52,0.59,0.85,0.66,0.57,0.9,0.82,0.71,0.59,0.64,0.95,0.82,0.69,0.84,0.8,0.66,0.67
05,16,0.68,0.87,0.63,0.52,0.81,0.76,0.49,0.33,0.68,0.48,0.54,0.49,0.66,0.84,0.63,0.68,0.75,0.64,0.78,0.62,0.68,0.74,0.57,0.57,0.82,0.76,0.53,0.85,0.68,0.52,1.08,0.7,0.82,0.74,0.63,0.78,0.87,0.6,0.67
05,17,0.61,0.8,0.72,0.48,0.71,0.76,0.5,0.39,0.6,0.51,0.55,0.59,0.65,0.84,0.63,0.52,0.68,0.68,0.84,0.53,0.68,0.63,0.63,0.57,0.85,0.76,0.51,0.79,0.67,0.55,0.82,0.66,0.74,0.78,0.54,0.71,0.85,0.7,0.64
05,18,0.5,0.72,0.71,0.48,0.52,0.7,0.6,0.52,0.59,0.56,0.65,0.96,0.7,0.89,0.62,0.46,0.61,0.76,0.79,0.49,0.62,0.6,0.71,0.48,0.7,0.78,0.55,0.74,0.67,0.59,0.79,0.64,0.78,0.83,0.56,0.68,1.1,0.69,0.54
05,19,0.57,0.59,0.65,0.52,0.54,0.63,0.63,0.59,0.52,0.5,0.72,0.76,0.57,0.83,0.71,0.43,0.64,0.76,0.68,0.54,0.61,0.65,0.6,0.6,0.64,0.71,0.63,0.7,0.67,0.65,0.77,0.6,0.86,0.86,0.66,0.57,0.94,0.78,0.53
05,20,0.57,1.07,0.63,0.62,0.56,0.56,0.6,0.65,0.4,0.47,0.7,0.72,0.52,0.8,0.79,0.55,0.67,0.73,0.72,0.59,0.55,0.67,0.59,0.7,0.53,0.96,0.67,0.7,0.67,0.67,0.69,0.51,0.84,0.79,0.59,0.51,0.82,0.76,0.56
05,21,0.82,1.16,0.63,0.76,0.67,0.49,0.55,0.72,0.4,0.36,0.68,0.75,0.45,0.59,0.84,0.68,0.72,0.68,0.81,0.62,0.48,0.76,0.64,0.76,0.51,0.84,0.76,0.6,0.58,0.82,0.86,0.49,0.85,0.72,0.56,0.59,0.76,0.73,0.78
05,22,1.0,0.8,0.68,0.72,0.72,0.39,0.59,0.68,0.44,0.36,0.6,0.79,0.49,0.56,0.81,0.84,0.63,0.67,0.87,0.7,0.39,0.68,0.73,0.76,0.47,0.78,0.82,0.6,0.49,0.73,0.9,0.58,0.85,0.73,0.65,0.67,0.68,0.73,0.83
05,23,0.94,0.8,0.66,0.75,0.73,0.39,0.56,0.72,0.52,0.38,0.55,0.87,0.56,0.46,0.72,0.82,0.52,0.56,0.8,0.88,0.48,0.58,0.8,0.76,0.52,0.8,0.81,0.66,0.45,0.68,1.11,0.68,0.66,0.81,0.77,0.71,0.62,0.8,0.85
05,24,0.9,0.74,0.62,0.7,0.76,0.46,0.52,0.86,0.56,0.36,0.48,0.89,0.58,0.39,0.62,0.87,0.47,0.43,0.8,0.84,0.56,0.51,0.72,0.73,0.59,0.81,0.71,0.77,0.44,0.57,1.05,0.7,0.65,0.74,0.86,0.69,0.55,0.7,0.85
05,25,0.81,0.78,0.52,0.59,0.64,0.52,0.41,0.7,0.49,0.39,0.44,0.75,0.57,0.55,0.56,0.81,0.57,0.41,0.76,0.84,0.68,0.41,0.62,0.71,0.73,0.72,0.74,0.86,0.45,0.57,0.93,0.73,0.61,0.66,0.75,0.75,0.5,0.63,0.8
05,26,0.74,0.76,0.49,0.56,0.63,0.56,0.38,0.59,0.54,0.47,0.48,0.71,0.62,0.6,0.51,0.74,0.64,0.43,0.67,0.86,0.71,0.4,0.55,0.7,0.88,0.58,0.78,0.91,0.59,0.59,0.87,0.7,0.54,0.6,0.7,0.74,0.6,0.61,0.73
05,27,0.69,1.03,0.51,0.5,0.73,0.71,0.45,0.55,0.43,0.56,0.6,0.64,0.57,0.73,0.55,0.68,0.68,0.55,0.59,0.87,0.66,0.5,0.55,0.7,0.98,0.57,0.76,0.86,0.78,0.57,0.87,0.75,0.59,0.5,0.63,0.77,0.74,0.43,0.65
05,28,0.66,0.95,0.62,0.41,0.72,0.79,0.51,0.44,0.51,0.71,0.68,0.64,0.53,0.68,0.63,0.68,0.63,0.73,0.48,0.81,0.58,0.59,0.5,0.71,0.95,0.62,0.72,0.79,0.69,0.63,0.91,0.77,0.56,0.59,0.61,0.79,0.84,0.37,0.58
05,29,0.59,0.92,0.73,0.6,0.67,0.76,0.59,0.43,0.57,0.76,0.72,0.56,0.59,0.63,0.57,0.72,0.69,0.8,0.48,0.77,0.6,0.6,0.49,0.78,0.8,0.76,0.68,0.65,0.69,0.72,0.8,0.75,0.59,0.78,0.61,0.77,0.75,0.37,0.58
05,30,0.57,0.87,0.75,0.5,0.55,0.83,0.7,0.28,0.55,0.68,0.72,0.59,0.61,0.68,0.59,0.62,0.68,0.75,0.63,0.63,0.75,0.67,0.63,0.72,0.91,0.77,0.59,0.77,0.77,0.71,0.79,0.75,0.76,0.8,0.56,0.76,0.66,0.56,0.56
05,31,0.54,0.68,0.78,0.56,0.54,0.81,0.76,0.35,0.48,0.68,0.65,0.51,0.61,0.75,0.55,0.55,0.59,0.72,0.79,0.49,0.82,0.81,0.63,0.71,0.82,0.72,0.64,0.77,0.83,0.66,0.9,0.7,0.75,0.8,0.58,0.7,0.62,0.59,0.43
06,01,0.47,0.6,0.79,0.68,0.48,0.8,0.78,0.38,0.46,0.62,0.66,0.49,0.58,0.75,0.64,0.55,0.59,0.59,0.8,0.43,0.77,0.9,0.63,0.6,0.93,0.78,0.69,0.64,0.76,0.82,0.78,0.57,0.75,0.85,0.61,0.69,0.73,0.58,0.47
06,02,0.42,0.63,0.73,0.54,0.39,0.7,0.8,0.48,0.43,0.76,0.72,0.52,0.55,0.68,0.75,0.52,0.62,0.59,0.81,0.46,0.68,0.89,0.65,0.5,0.81,0.75,0.68,0.74,0.67,0.85,0.74,0.5,0.72,0.83,0.57,0.67,0.77,0.7,0.51
06,03,0.39,0.72,0.65,0.54,0.49,0.56,0.83,0.65,0.57,0.69,0.72,0.63,0.52,0.59,0.76,0.54,0.65,0.65,0.72,0.52,0.64,0.76,0.71,0.55,0.73,0.83,0.72,0.63,0.64,0.89,0.7,0.53,0.67,0.81,0.6,0.61,0.81,0.84,0.6
06,04,0.4,0.76,0.59,0.84,0.58,0.54,0.74,0.76,0.55,0.63,0.62,0.7,0.45,0.55,0.72,0.59,0.63,0.67,0.86,0.59,0.6,0.79,0.8,0.6,0.67,0.79,0.77,0.66,0.61,0.83,0.73,0.53,0.59,0.81,0.71,0.58,0.8,1.14,0.65
06,05,0.5,0.92,0.59,0.89,0.59,0.74,0.65,0.83,0.52,0.55,0.56,0.7,0.47,0.55,0.73,0.65,0.55,0.68,0.71,0.97,0.52,0.7,0.77,0.63,0.6,0.74,0.87,0.58,0.62,0.73,0.74,0.53,0.57,0.77,0.7,0.62,0.8,0.99,0.68
06,06,0.59,0.79,0.59,0.83,0.63,0.74,0.54,0.8,0.63,0.54,0.55,0.62,0.56,0.43,0.68,0.67,0.64,0.64,0.64,1.19,0.47,0.66,0.68,0.68,0.59,0.71,1.04,0.65,0.6,0.69,0.7,0.54,0.56,0.68,0.8,0.62,0.77,0.88,0.69
06,07,0.62,0.8,0.59,0.65,0.68,0.78,0.57,0.65,0.68,0.65,0.52,0.47,0.64,0.42,0.59,0.67,0.68,0.55,0.57,0.97,0.45,0.61,0.73,0.63,0.6,0.68,0.93,0.72,0.84,0.65,0.71,0.56,0.49,0.6,0.8,0.63,0.69,0.95,0.71
06,08,0.56,0.75,0.55,0.55,0.78,0.68,0.55,0.63,0.68,0.65,0.54,0.52,0.61,0.43,0.62,0.68,0.73,0.51,0.62,0.85,0.53,0.49,0.58,0.59,0.61,0.59,0.75,0.78,0.82,0.61,0.72,0.6,0.53,0.6,0.61,0.74,0.58,0.93,0.67
06,09,0.63,0.73,0.6,0.48,0.85,0.63,0.5,0.7,0.67,0.72,0.47,0.62,0.67,0.49,0.55,0.72,0.65,0.49,0.68,0.82,0.61,0.54,0.6,0.54,0.67,0.57,0.74,0.83,0.77,0.62,0.74,0.63,0.58,0.58,0.67,0.74,0.5,0.91,0.66
06,10,0.68,0.72,0.65,0.48,0.7,0.65,0.49,0.6,0.68,0.75,0.55,0.67,0.75,0.55,0.48,0.79,0.72,0.57,0.75,0.83,0.7,0.57,0.59,0.74,0.77,0.57,0.74,0.82,0.76,0.64,0.76,0.73,0.59,0.66,0.63,0.75,0.61,0.8,0.71
06,11,0.76,0.7,0.54,0.6,0.64,0.76,0.46,0.52,0.71,0.79,0.59,0.59,0.79,0.55,0.52,0.79,0.78,0.68,0.76,0.74,0.73,0.67,0.6,0.59,0.79,0.61,0.76,0.89,0.75,0.68,0.71,0.78,0.64,0.71,0.6,0.84,0.72,0.8,0.74
06,12,0.68,0.67,0.63,0.63,0.64,0.78,0.43,0.52,0.7,0.75,0.6,0.63,0.76,0.49,0.6,0.76,0.77,0.65,0.51,0.7,0.71,0.75,0.56,0.54,0.83,0.68,0.75,0.92,0.7,0.7,0.63,0.75,0.76,0.75,0.61,0.94,0.87,0.73,0.74
06,13,0.59,0.6,0.72,0.59,0.67,0.75,0.52,0.52,0.75,0.66,0.62,0.55,0.72,0.57,0.63,0.64,0.68,0.57,0.48,0.68,0.71,0.68,0.63,0.57,0.84,0.67,0.64,0.87,0.75,0.62,0.58,0.79,0.82,0.73,0.6,0.92,0.82,0.76,0.71
06,14,0.48,0.6,0.71,0.59,0.65,0.78,0.55,0.48,0.67,0.52,0.64,0.51,0.69,0.52,0.68,0.63,0.63,0.59,0.59,0.68,0.71,0.66,0.68,0.55,0.8,0.61,0.68,0.83,0.81,0.65,0.55,0.73,0.92,0.76,0.59,0.93,0.7,0.79,0.68
06,15,0.56,0.6,0.71,0.55,0.67,0.69,0.55,0.54,0.63,0.55,0.62,0.48,0.65,0.54,0.65,0.57,0.63,0.6,0.59,0.62,0.72,0.66,0.71,0.57,0.86,0.63,0.71,0.79,0.82,0.54,0.56,0.76,0.82,0.8,0.58,0.81,0.77,0.78,0.6
06,16,0.47,0.56,0.6,0.55,0.53,0.72,0.68,0.52,0.63,0.67,0.56,0.54,0.63,0.48,0.7,0.55,0.63,0.72,0.65,0.57,0.64,0.67,0.59,0.53,0.82,0.69,0.75,0.84,0.84,0.56,0.64,0.8,0.7,1.14,0.62,0.79,0.77,0.83,0.54
06,17,0.43,0.51,0.61,0.63,0.68,0.64,0.62,0.56,0.75,0.65,0.62,0.59,0.55,0.52,0.76,0.52,0.59,0.6,0.72,0.58,0.66,0.69,0.56,0.57,0.72,0.78,0.66,0.76,0.8,0.62,0.67,0.78,0.78,0.95,0.64,0.71,0.83,0.87,0.61
06,18,0.53,0.39,0.59,0.68,0.71,0.63,0.63,0.68,0.59,0.63,0.55,0.64,0.57,0.62,0.81,0.63,0.55,0.52,0.78,0.58,0.59,0.75,0.67,0.65,0.68,0.65,0.67,0.81,0.79,0.67,0.68,0.71,0.7,0.87,0.52,0.64,0.79,0.87,0.69
06,19,0.64,0.36,0.63,0.79,0.84,0.63,0.55,0.7,0.52,0.7,0.6,0.72,0.55,0.63,1.03,0.6,0.59,0.49,0.72,0.62,0.5,0.83,0.75,0.65,0.59,0.6,0.84,0.87,0.78,0.67,0.73,0.68,0.7,0.85,0.68,0.57,0.8,0.85,0.77
06,20,0.62,0.39,0.7,0.8,0.75,0.56,0.52,0.73,0.59,0.65,0.72,0.67,0.5,0.64,0.92,0.52,0.56,0.48,0.72,0.69,0.53,0.83,0.78,0.61,0.63,0.59,0.94,0.93,0.63,0.69,0.83,0.74,0.69,0.79,0.79,0.63,0.76,0.81,0.82
06,21,0.57,0.59,0.62,0.75,0.63,0.52,0.5,0.76,0.49,0.49,0.68,0.57,0.53,0.59,0.87,0.57,0.6,0.48,0.78,0.67,0.56,0.75,0.75,0.64,0.72,0.59,0.88,0.95,0.63,0.73,0.8,0.74,0.7,0.7,0.83,0.74,0.72,0.71,0.9
06,22,0.59,0.67,0.59,0.7,0.52,0.51,0.51,0.72,0.51,0.44,0.65,0.59,0.59,1.03,0.87,0.68,0.63,0.48,0.87,0.66,0.62,0.61,0.74,0.71,0.71,0.59,0.81,0.8,0.58,0.7,0.8,0.8,0.67,0.65,0.85,0.8,0.65,0.68,0.89
06,23,0.59,0.72,0.59,0.73,0.55,0.59,0.52,0.72,0.51,0.58,0.7,0.58,0.67,0.69,0.83,0.7,0.5,0.46,0.8,0.71,0.68,0.58,0.75,0.69,0.67,0.58,0.82,0.76,0.63,0.64,0.85,0.84,0.74,0.65,0.88,0.72,0.68,0.7,0.86
06,24,0.58,0.78,0.58,0.68,0.64,0.62,0.59,0.63,0.54,0.61,0.62,0.59,0.56,0.51,0.6,0.72,0.44,0.52,0.68,0.69,0.67,0.58,0.7,0.7,0.68,0.52,0.77,0.71,0.61,0.59,0.82,0.9,0.72,0.71,0.83,0.68,0.6,0.71,0.9
06,25,0.59,0.67,0.63,0.61,0.65,0.68,0.57,0.55,0.51,0.68,0.6,0.55,0.52,0.46,0.7,0.7,0.48,0.55,0.55,0.69,0.65,0.67,0.65,0.76,0.79,0.61,0.75,0.72,0.56,0.66,0.73,0.92,0.63,0.68,0.77,0.57,0.56,0.65,0.86
06,26,0.59,0.62,0.68,0.48,0.75,0.72,0.55,0.52,0.56,0.63,0.59,0.55,0.55,0.55,0.72,0.63,0.62,0.59,0.55,0.6,0.7,0.62,0.62,0.75,0.74,0.63,0.73,0.75,0.52,0.63,0.66,0.89,0.57,0.71,0.72,0.62,0.56,0.62,0.78
06,27,0.58,0.63,0.71,0.46,0.63,0.67,0.59,0.54,0.67,0.6,0.62,0.49,0.61,0.55,0.78,0.6,0.7,0.68,0.6,0.59,0.78,0.66,0.63,0.69,0.71,0.66,0.76,0.75,0.52,0.66,0.72,0.83,0.63,0.76,0.73,0.64,0.64,0.7,0.74
06,28,0.54,0.74,0.67,0.45,0.48,0.72,0.68,0.52,0.64,0.63,0.69,0.49,0.65,0.63,0.8,0.57,0.7,0.73,0.68,0.68,0.79,0.7,0.63,0.63,0.79,0.64,0.75,0.71,0.6,0.68,0.64,0.79,0.67,0.69,0.84,0.73,0.67,0.74,0.68
06,29,0.54,0.85,0.63,0.59,0.47,0.76,0.72,0.47,0.57,0.66,0.62,0.43,0.65,0.76,0.88,0.59,0.6,0.75,0.63,0.63,0.79,0.78,0.72,0.63,0.77,0.67,0.69,0.65,0.69,0.69,0.55,0.86,0.7,0.66,0.82,0.74,0.7,0.73,0.72
06,30,0.57,0.76,0.63,0.64,0.48,0.67,0.6,0.48,0.54,0.71,0.7,0.43,0.6,0.75,0.71,0.63,0.6,0.8,0.6,0.61,0.8,0.75,0.81,0.64,0.73,0.71,0.68,0.6,0.8,0.72,0.5,0.84,0.73,0.76,0.8,0.72,0.77,0.78,0.67
07,01,0.53,0.7,0.73,0.62,0.46,0.79,0.64,0.55,0.47,0.67,0.56,0.45,0.55,0.78,0.72,0.56,0.59,0.83,0.64,0.55,0.87,0.85,0.75,0.63,0.71,0.7,0.64,0.59,0.8,0.78,0.52,0.75,0.73,0.77,0.75,0.72,0.82,0.78,0.65
07,02,0.43,0.65,0.75,0.59,0.43,0.76,0.62,0.56,0.44,0.63,0.63,0.44,0.55,0.79,0.72,0.6,0.56,0.75,0.59,0.63,0.82,0.83,0.62,0.62,0.71,0.73,0.7,0.59,0.72,0.87,0.57,0.68,0.72,0.85,0.64,0.7,0.82,0.76,0.71
07,03,0.45,0.63,0.59,0.57,0.45,0.71,0.7,0.62,0.43,0.59,0.59,0.52,0.62,0.76,0.76,0.72,0.52,0.7,0.68,0.68,0.79,0.72,0.67,0.64,0.69,0.78,0.71,0.59,0.68,0.83,0.62,0.62,0.65,0.82,0.64,0.63,0.72,0.84,0.72
07,04,0.52,0.55,0.55,0.52,0.52,0.8,0.65,0.58,0.44,0.67,0.52,0.55,0.66,0.59,0.76,0.63,0.49,0.73,0.68,0.68,0.7,0.66,0.68,0.61,0.75,0.78,0.72,0.6,0.75,0.79,0.59,0.6,0.61,0.73,0.6,0.6,0.75,0.79,0.69
07,05,0.6,0.55,0.55,0.61,0.6,0.81,0.52,0.59,0.48,0.69,0.55,0.63,0.63,0.6,0.76,0.73,0.57,0.72,0.7,0.66,0.69,0.64,0.68,0.61,0.79,0.75,0.78,0.64,0.75,0.73,0.58,0.66,0.61,0.76,0.67,0.59,0.7,0.67,0.61
07,06,0.7,0.52,0.47,0.75,0.57,0.73,0.47,0.57,0.57,0.64,0.67,0.62,0.67,0.59,0.62,0.82,0.66,0.56,0.68,0.72,0.71,0.57,0.75,0.64,0.72,0.69,0.8,0.71,0.73,0.71,0.58,0.67,0.58,0.71,0.72,0.65,0.71,0.76,0.66
07,07,0.67,0.52,0.46,0.68,0.62,0.6,0.44,0.52,0.59,0.54,0.62,0.63,0.63,0.59,0.59,0.9,0.64,0.63,0.7,0.63,0.63,0.59,0.76,0.66,0.68,0.78,0.84,0.71,0.72,0.7,0.64,0.77,0.58,0.69,0.77,0.66,0.66,0.72,0.74
07,08,0.65,0.46,0.49,0.63,0.72,0.59,0.49,0.45,0.62,0.47,0.52,0.6,0.53,0.69,0.59,0.83,0.67,0.68,0.62,0.59,0.58,0.61,0.75,0.71,0.67,0.73,0.79,0.63,0.74,0.65,0.67,0.87,0.71,0.67,0.78,0.67,0.8,0.74,0.83
07,09,0.67,0.55,0.46,0.65,0.68,0.55,0.52,0.48,0.57,0.52,0.49,0.54,0.54,0.63,0.55,0.78,0.67,0.75,0.6,0.67,0.63,0.59,0.72,0.72,0.77,0.74,0.73,0.64,0.68,0.65,0.7,0.89,0.73,0.64,0.81,0.69,0.78,0.68,0.72
07,10,0.63,0.55,0.55,0.6,0.62,0.57,0.51,0.52,0.58,0.62,0.48,0.57,0.62,0.55,0.52,0.73,0.77,0.87,0.59,0.72,0.69,0.6,0.67,0.66,0.66,0.64,0.73,0.68,0.66,0.67,0.7,0.99,0.7,0.59,0.8,0.75,0.84,0.6,0.69
07,11,0.61,0.55,0.52,0.57,0.71,0.59,0.48,0.54,0.62,0.67,0.57,0.57,0.75,0.43,0.67,0.78,0.73,0.89,0.57,0.67,0.69,0.69,0.63,0.69,0.67,0.59,0.64,0.72,0.7,0.68,0.73,0.93,0.68,0.57,0.74,0.84,0.77,0.64,0.73
07,12,0.6,0.55,0.51,0.56,0.68,0.55,0.49,0.54,0.59,0.69,0.48,0.52,0.76,0.49,0.52,0.79,0.72,0.77,0.52,0.68,0.7,0.64,0.59,0.64,0.76,0.64,0.65,0.73,0.72,0.63,0.7,0.86,0.67,0.64,0.65,0.83,0.73,0.67,0.7
07,13,0.62,0.59,0.44,0.62,0.62,0.63,0.51,0.55,0.55,0.55,0.52,0.57,0.73,0.52,0.5,0.68,0.8,0.8,0.59,0.72,0.8,0.6,0.59,0.6,0.65,0.78,0.65,0.7,0.84,0.77,0.68,0.83,0.74,0.75,0.67,0.73,0.76,0.57,0.83
07,14,0.56,0.63,0.47,0.68,0.59,0.75,0.46,0.57,0.6,0.52,0.48,0.52,0.66,0.52,0.48,0.6,0.79,0.72,0.62,0.72,0.61,0.5,0.52,0.61,0.59,0.54,0.6,0.7,0.87,0.8,0.65,0.82,0.77,0.63,0.65,0.71,0.69,0.56,0.7
07,15,0.54,0.68,0.55,0.59,0.62,0.68,0.57,0.51,0.67,0.52,0.53,0.49,0.66,0.55,0.49,0.68,0.79,0.68,0.72,0.89,0.62,0.62,0.52,0.59,0.58,0.55,0.56,0.71,0.82,0.68,0.64,0.73,0.78,0.7,0.68,0.68,0.74,0.59,0.66
07,16,0.57,0.65,0.59,0.63,0.64,0.62,0.55,0.48,0.6,0.56,0.59,0.43,0.65,0.58,0.48,0.68,0.65,0.67,0.8,0.83,0.63,0.62,0.59,0.59,0.56,0.49,0.53,0.69,0.79,0.58,0.63,0.68,0.72,0.68,0.57,0.67,0.72,0.64,0.57
07,17,0.52,0.55,0.63,0.63,0.65,0.57,0.6,0.52,0.6,0.55,0.63,0.47,0.59,0.54,0.8,0.63,0.65,0.7,0.83,0.72,0.66,0.62,0.68,0.53,0.57,0.63,0.67,0.74,0.81,0.56,0.55,0.62,0.7,0.65,0.45,0.73,0.76,0.68,0.72
07,18,0.49,0.59,0.67,0.63,0.75,0.59,0.63,0.46,0.52,0.49,0.67,0.54,0.55,0.54,0.86,0.64,0.59,0.67,0.88,0.68,0.56,0.63,0.76,0.52,0.55,0.71,0.59,0.67,0.79,0.57,0.6,0.61,0.66,0.63,0.58,0.69,0.75,0.72,0.77
07,19,0.48,0.56,0.62,0.75,0.72,0.55,0.6,0.51,0.48,0.49,0.67,0.62,0.47,0.57,0.83,0.64,0.55,0.63,0.95,0.67,0.49,0.62,0.76,0.47,0.56,0.65,0.62,0.59,0.69,0.68,0.71,0.64,0.66,0.65,0.72,0.61,0.76,0.74,0.77
07,20,0.58,0.43,0.55,0.73,0.72,0.52,0.59,0.51,0.49,0.46,0.63,0.65,0.39,0.55,0.73,0.67,0.52,0.55,0.75,0.64,0.53,0.59,0.71,0.48,0.61,0.64,0.64,0.62,0.69,0.77,0.77,0.64,0.66,0.71,0.78,0.62,0.77,0.75,0.79
07,21,0.6,0.44,0.62,0.75,0.63,0.52,0.54,0.48,0.55,0.52,0.64,0.62,0.41,0.5,0.68,0.72,0.52,0.56,0.7,0.72,0.5,0.56,0.68,0.59,0.62,0.62,0.65,0.7,0.75,0.77,0.8,0.7,0.62,0.71,0.81,0.73,0.69,0.73,0.77
07,22,0.62,0.48,0.57,0.68,0.63,0.54,0.55,0.54,0.55,0.48,0.61,0.59,0.47,0.48,0.63,0.7,0.68,0.55,0.68,0.76,0.51,0.55,0.72,0.64,0.6,0.66,0.68,0.68,0.68,0.76,0.79,0.69,0.62,0.7,0.83,0.69,0.54,0.68,0.71
07,23,0.68,0.6,0.51,0.65,0.63,0.53,0.57,0.56,0.55,0.44,0.64,0.66,0.49,0.48,0.59,0.68,0.77,0.48,0.65,0.76,0.56,0.56,0.75,0.63,0.6,0.61,0.72,0.78,0.71,0.81,0.72,0.69,0.67,0.68,0.78,0.63,0.59,0.67,0.72
07,24,0.68,0.6,0.48,0.67,0.68,0.51,0.59,0.55,0.7,0.46,0.68,0.6,0.57,0.54,0.59,0.69,0.71,0.54,0.65,0.78,0.59,0.61,0.78,0.67,0.58,0.57,0.7,0.68,0.67,0.77,0.71,0.72,0.7,0.61,0.85,0.65,0.56,0.68,0.77
07,25,0.55,0.65,0.48,0.64,0.8,0.48,0.52,0.55,0.76,0.52,0.6,0.55,0.63,0.58,0.68,0.67,0.72,0.64,0.64,0.72,0.64,0.7,0.71,0.69,0.58,0.6,0.67,0.68,0.69,0.7,0.69,0.7,0.8,0.6,0.77,0.65,0.6,0.67,0.84
07,26,0.55,0.63,0.55,0.67,0.97,0.51,0.48,0.51,0.71,0.55,0.47,0.55,0.62,0.58,0.67,0.68,0.68,0.74,0.68,0.65,0.6,0.7,0.73,0.65,0.63,0.58,0.62,0.68,0.71,0.62,0.65,0.78,0.77,0.62,0.79,0.68,0.73,0.7,0.82
07,27,0.52,0.7,0.65,0.61,0.8,0.68,0.43,0.55,0.59,0.59,0.44,0.52,0.64,0.62,0.55,0.63,0.65,0.68,0.63,0.63,0.65,0.71,0.72,0.59,0.62,0.55,0.64,0.74,0.74,0.56,0.63,0.76,0.85,0.68,0.79,0.77,0.84,0.68,0.78
07,28,0.53,0.63,0.67,0.49,0.67,0.72,0.51,0.54,0.59,0.57,0.48,0.49,0.61,0.65,0.46,0.66,0.7,0.77,0.55,0.6,0.74,0.68,0.65,0.56,0.69,0.54,0.61,0.69,0.73,0.67,0.64,0.79,0.88,0.68,0.75,0.78,0.97,0.63,0.74
07,29,0.55,0.55,0.68,0.45,0.68,0.8,0.54,0.48,0.72,0.55,0.49,0.49,0.63,0.62,0.43,0.63,0.7,0.72,0.56,0.6,0.73,0.73,0.56,0.59,0.74,0.64,0.44,0.74,0.79,0.78,0.59,0.81,0.91,0.69,0.64,0.69,0.79,0.64,0.68
07,30,0.47,0.55,0.74,0.47,0.68,0.72,0.65,0.41,0.64,0.59,0.54,0.45,0.62,0.59,0.46,0.63,0.63,0.64,0.55,0.62,0.6,0.69,0.65,0.65,0.87,0.65,0.42,0.74,0.85,0.73,0.47,0.91,0.91,0.77,0.58,0.65,0.76,0.67,0.68
07,31,0.52,0.55,0.68,0.48,0.55,0.7,0.79,0.4,0.63,0.57,0.63,0.46,0.67,0.62,0.65,0.61,0.65,0.6,0.5,0.72,0.67,0.71,0.75,0.63,0.8,0.66,0.48,0.75,0.82,0.71,0.47,0.79,0.84,0.79,0.56,0.59,0.79,0.71,0.73
08,01,0.57,0.59,0.65,0.55,0.64,0.65,0.64,0.36,0.7,0.59,0.59,0.49,0.66,0.67,0.73,0.57,0.65,0.63,0.57,0.7,0.69,0.73,0.7,0.6,0.7,0.71,0.58,0.69,0.75,0.69,0.49,0.76,0.78,0.82,0.57,0.6,0.84,0.72,0.78
08,02,0.67,0.57,0.63,0.51,0.65,0.63,0.73,0.44,0.63,0.55,0.55,0.52,0.62,0.63,0.64,0.63,0.59,0.59,0.68,0.62,0.65,0.7,0.76,0.66,0.75,0.67,0.73,0.64,0.72,0.72,0.56,0.73,0.77,0.71,0.65,0.57,0.81,0.83,0.72
08,03,0.56,0.54,0.63,0.52,0.62,0.63,0.76,0.49,0.52,0.55,0.52,0.55,0.52,0.56,0.56,0.59,0.61,0.57,0.72,0.6,0.61,0.72,0.7,0.78,0.69,0.63,0.74,0.62,0.76,0.75,0.66,0.66,0.68,0.69,0.7,0.59,0.76,0.93,0.73
08,04,0.67,0.52,0.59,0.63,0.68,0.82,0.72,0.48,0.52,0.57,0.51,0.58,0.58,0.55,0.62,0.6,0.6,0.55,0.75,0.7,0.56,0.67,0.66,0.62,0.61,0.65,0.67,0.51,0.72,0.7,0.73,0.67,0.72,0.72,0.74,0.63,0.79,0.86,0.77
08,05,0.6,0.52,0.59,0.56,0.67,0.65,0.59,0.52,0.48,0.46,0.51,0.62,0.55,0.52,0.62,0.65,0.64,0.62,0.71,0.69,0.55,0.69,0.63,0.64,0.47,0.63,0.64,0.71,0.68,0.73,0.74,0.6,0.66,0.76,0.78,0.66,0.79,0.78,0.84
08,06,0.5,0.57,0.86,0.55,0.75,0.49,0.57,0.65,0.48,0.4,0.52,0.6,0.54,0.55,0.59,0.73,0.68,0.55,0.67,0.81,0.55,0.7,0.7,0.74,0.48,0.62,0.69,0.74,0.67,0.71,0.76,0.68,0.61,0.69,0.83,0.67,0.73,0.77,0.88
08,07,0.56,0.55,0.73,0.61,0.7,0.44,0.5,0.65,0.55,0.38,0.52,0.63,0.61,0.46,0.62,0.68,0.73,0.52,0.59,0.81,0.52,0.66,0.76,0.8,0.59,0.58,0.71,0.71,0.67,0.59,0.72,0.71,0.63,0.67,0.78,0.71,0.69,0.69,0.98
08,08,0.54,0.59,0.61,0.57,0.65,0.59,0.55,0.62,0.67,0.4,0.51,0.65,0.62,0.41,0.56,0.68,0.81,0.44,0.63,0.8,0.5,0.57,0.76,0.82,0.75,0.63,0.69,0.71,0.74,0.53,0.77,0.78,0.6,0.66,0.79,0.73,0.69,0.65,0.92
08,09,0.57,0.81,0.48,0.59,0.7,0.57,0.55,0.55,0.62,0.51,0.55,0.67,0.67,0.4,0.55,0.68,0.81,0.36,0.62,0.85,0.57,0.54,0.71,0.76,0.69,0.49,0.64,0.73,0.7,0.59,0.68,0.82,0.72,0.62,0.8,0.77,0.62,0.65,0.79
08,10,0.55,0.68,0.46,0.52,0.66,0.68,0.53,0.55,0.57,0.59,0.52,0.72,0.6,0.51,0.55,0.7,0.84,0.36,0.6,0.92,0.65,0.55,0.71,0.78,0.68,0.49,0.65,0.72,0.59,0.53,0.72,0.83,0.76,0.57,0.79,0.75,0.66,0.63,0.73
08,11,0.62,0.62,0.48,0.55,0.63,0.72,0.44,0.57,0.59,0.55,0.39,0.68,0.57,0.67,0.54,0.63,0.82,0.48,0.56,0.98,0.71,0.61,0.74,0.82,0.72,0.51,0.65,0.73,0.61,0.53,0.68,0.82,0.7,0.54,0.72,0.71,0.69,0.62,0.74
08,12,0.64,0.6,0.48,0.62,0.68,0.68,0.46,0.51,0.63,0.54,0.47,0.57,0.65,0.72,0.46,0.63,0.75,0.62,0.46,0.81,0.66,0.74,0.7,0.89,0.71,0.61,0.65,0.78,0.67,0.55,0.69,0.81,0.67,0.44,0.58,0.71,0.69,0.61,0.72
08,13,0.67,0.57,0.52,0.63,0.68,0.55,0.49,0.39,0.6,0.55,0.41,0.6,0.69,0.68,0.41,0.63,0.74,0.68,0.46,0.76,0.63,0.84,0.62,0.81,0.67,0.62,0.66,0.79,0.72,0.62,0.73,0.92,0.74,0.44,0.6,0.75,0.72,0.68,0.69
08,14,0.54,0.56,0.55,0.48,0.72,0.55,0.56,0.4,0.56,0.65,0.48,0.55,0.63,0.67,0.48,0.61,0.73,0.64,0.46,0.68,0.63,0.78,0.63,0.8,0.66,0.73,0.57,0.75,0.72,0.64,0.63,0.8,0.82,0.49,0.61,0.72,0.74,0.66,0.65
08,15,0.53,0.57,0.6,0.52,0.67,0.59,0.58,0.46,0.49,0.59,0.59,0.52,0.56,0.63,0.59,0.57,0.72,0.57,0.57,0.63,0.61,0.68,0.62,0.61,0.63,0.77,0.5,0.61,0.66,0.74,0.61,0.79,0.8,0.58,0.47,0.72,0.74,0.65,0.67
08,16,0.37,0.62,0.62,0.57,0.52,0.58,0.63,0.52,0.47,0.6,0.59,0.43,0.53,0.63,0.67,0.51,0.64,0.55,0.7,0.54,0.67,0.76,0.63,0.64,0.72,0.74,0.5,0.5,0.62,0.78,0.61,0.74,0.74,0.69,0.43,0.77,0.73,0.74,0.75
08,17,0.42,0.57,0.67,0.63,0.51,0.55,0.63,0.63,0.48,0.59,0.59,0.58,0.56,0.62,0.73,0.49,0.59,0.57,0.76,0.53,0.67,0.8,0.71,0.65,0.72,0.75,0.59,0.57,0.66,0.7,0.64,0.64,0.81,0.77,0.53,0.72,0.67,0.77,0.72
08,18,0.44,0.51,0.73,0.84,0.49,0.54,0.59,0.52,0.43,0.55,0.57,0.72,0.52,0.64,0.63,0.6,0.72,0.56,0.75,0.52,0.6,0.76,0.75,0.59,0.66,0.74,0.66,0.56,0.64,0.68,0.71,0.61,0.81,0.77,0.69,0.59,0.65,0.76,0.71
08,19,0.57,0.43,0.68,0.84,0.47,0.59,0.65,0.47,0.44,0.52,0.67,0.63,0.46,0.55,0.68,0.6,0.69,0.55,0.75,0.59,0.5,0.75,0.76,0.6,0.64,0.69,0.64,0.61,0.61,0.73,0.78,0.54,0.79,0.72,0.79,0.52,0.66,0.76,0.66
08,20,0.57,0.38,0.67,0.72,0.48,0.61,0.65,0.59,0.46,0.48,0.67,0.67,0.41,0.55,0.72,0.63,0.55,0.54,0.74,0.68,0.45,0.75,0.8,0.61,0.58,0.69,0.62,0.57,0.53,0.72,0.78,0.67,0.68,0.71,0.78,0.58,0.64,0.74,0.67
08,21,0.58,0.35,0.59,0.67,0.51,0.52,0.6,0.65,0.49,0.46,0.65,0.67,0.44,0.46,0.68,0.75,0.56,0.55,0.75,0.71,0.51,0.66,0.83,0.67,0.56,0.62,0.71,0.52,0.52,0.71,0.68,0.67,0.62,0.75,0.6,0.61,0.65,0.73,0.67
08,22,0.59,0.39,0.53,0.67,0.59,0.7,0.59,0.59,0.54,0.46,0.63,0.62,0.51,0.51,0.59,0.88,0.54,0.55,0.72,0.7,0.55,0.69,0.92,0.71,0.48,0.62,0.73,0.58,0.52,0.67,0.73,0.79,0.61,0.61,0.73,0.67,0.58,0.74,0.76
08,23,0.59,0.51,0.48,0.78,0.67,0.65,0.55,0.49,0.54,0.51,0.59,0.59,0.59,0.57,0.55,0.77,0.59,0.52,0.7,0.66,0.58,0.64,0.86,0.69,0.46,0.62,0.7,0.69,0.48,0.63,0.79,0.8,0.61,0.55,0.75,0.72,0.51,0.8,0.78
08,24,0.58,0.81,0.51,0.72,0.96,0.63,0.43,0.55,0.55,0.56,0.52,0.66,0.68,0.58,0.51,0.74,0.63,0.49,0.63,0.69,0.61,0.54,0.78,0.76,0.48,0.47,0.69,0.73,0.57,0.66,0.78,0.75,0.65,0.57,0.68,0.75,0.51,0.78,0.72
08,25,0.67,0.74,0.59,0.75,0.87,0.72,0.44,0.55,0.58,0.59,0.52,0.78,0.65,0.72,0.46,0.75,0.66,0.58,0.59,0.67,0.67,0.61,0.69,0.77,0.47,0.51,0.69,0.71,0.65,0.65,0.82,0.76,0.69,0.5,0.57,0.9,0.54,0.75,0.75
08,26,0.63,0.63,0.57,0.84,0.75,0.7,0.55,0.49,0.62,0.62,0.55,0.64,0.7,0.67,0.54,0.65,0.7,0.68,0.4,0.65,0.75,0.61,0.55,0.74,0.55,0.55,0.61,0.69,0.74,0.66,0.68,0.8,0.67,0.48,0.52,0.79,0.64,0.65,0.8
08,27,0.58,0.67,0.52,0.8,0.75,0.62,0.67,0.4,0.68,0.67,0.67,0.55,0.8,0.64,0.64,0.65,0.68,0.75,0.52,0.66,0.75,0.64,0.47,0.73,0.65,0.51,0.52,0.76,0.81,0.59,0.68,0.8,0.72,0.55,0.54,0.73,0.66,0.58,0.78
08,28,0.56,0.75,0.46,0.74,0.71,0.68,0.76,0.39,0.64,0.71,0.68,0.55,0.99,0.78,0.75,0.68,0.7,0.68,0.59,0.73,0.82,0.69,0.48,0.75,0.69,0.57,0.51,0.76,0.76,0.58,0.63,0.75,0.7,0.64,0.55,0.66,0.7,0.73,0.67
08,29,0.5,0.72,0.55,0.6,0.63,0.76,0.72,0.31,0.68,0.73,0.62,0.4,0.84,0.78,0.68,0.61,0.75,0.68,0.65,0.77,0.89,0.73,0.47,0.75,0.71,0.61,0.5,0.78,0.78,0.68,0.57,0.72,0.66,0.71,0.56,0.71,0.74,0.95,0.66
08,30,0.52,0.67,0.57,0.49,0.63,0.74,0.69,0.37,0.6,0.67,0.52,0.43,0.79,0.75,0.65,0.56,0.77,0.71,0.75,0.63,0.87,0.75,0.52,0.59,0.9,0.62,0.55,0.88,0.85,0.7,0.54,0.75,0.66,0.67,0.55,0.76,0.69,1.01,0.71
08,31,0.53,0.57,0.55,0.54,0.55,0.62,0.71,0.48,0.55,0.68,0.68,0.48,0.64,0.77,0.6,0.52,0.72,0.73,0.75,0.59,0.81,0.72,0.57,0.45,0.86,0.67,0.56,0.76,0.85,0.81,0.54,0.75,0.69,0.68,0.58,0.76,0.73,0.69,0.61
09,01,0.49,0.49,0.56,0.59,0.43,0.6,0.75,0.48,0.51,0.64,0.67,0.57,0.64,0.64,0.63,0.43,0.63,0.78,0.76,0.54,0.81,0.7,0.63,0.42,0.74,0.7,0.61,0.63,0.82,0.78,0.55,0.66,0.75,0.68,0.7,0.68,0.74,0.73,0.47
09,02,0.58,0.43,0.55,0.56,0.46,0.79,0.83,0.51,0.38,0.48,0.64,0.6,0.51,0.55,0.64,0.6,0.54,0.76,0.72,0.57,0.8,0.67,0.67,0.46,0.7,0.69,0.65,0.6,0.73,0.73,0.59,0.62,0.76,0.69,0.82,0.64,0.75,0.76,0.53
09,03,0.61,0.39,0.59,0.68,0.48,0.63,0.59,0.54,0.38,0.43,0.67,0.74,0.64,0.55,0.62,0.76,0.41,0.65,0.73,0.7,0.6,0.63,0.6,0.54,0.64,0.69,0.78,0.54,0.68,0.82,0.57,0.73,0.72,0.71,0.83,0.58,0.8,0.8,0.67
09,04,0.59,0.41,0.7,0.7,0.6,0.46,0.67,0.66,0.43,0.38,0.72,0.7,0.67,0.48,0.63,0.76,0.5,0.63,0.8,0.78,0.38,0.55,0.65,0.57,0.6,0.66,0.82,0.61,0.77,0.78,0.59,0.75,0.72,0.7,0.74,0.59,0.68,0.69,0.69
09,05,0.52,0.62,0.54,0.59,0.71,0.43,0.63,0.72,0.52,0.4,0.63,0.63,0.71,0.52,0.63,0.86,0.63,0.64,0.76,0.79,0.49,0.54,0.71,0.61,0.45,0.62,0.75,0.66,0.68,0.68,0.67,0.77,0.65,0.72,0.74,0.59,0.66,0.69,0.67
09,06,0.58,0.62,0.56,0.65,0.65,0.48,0.51,0.63,0.57,0.4,0.71,0.68,0.73,0.48,0.6,0.79,0.62,0.57,0.7,0.78,0.51,0.52,0.75,0.63,0.52,0.63,0.67,0.68,0.59,0.67,0.66,0.81,0.61,0.59,0.79,0.68,0.63,0.68,0.66
09,07,0.67,0.59,0.43,0.65,0.66,0.55,0.51,0.73,0.63,0.43,0.67,0.69,0.92,0.56,0.63,0.88,0.65,0.55,0.68,0.89,0.67,0.43,0.76,0.69,0.59,0.57,0.71,0.81,0.58,0.52,0.67,0.85,0.64,0.64,0.83,0.76,0.54,0.66,0.69
09,08,0.66,0.62,0.4,0.6,0.75,0.48,0.42,0.62,0.66,0.52,0.59,0.72,0.93,0.47,0.48,0.91,0.65,0.51,0.75,0.89,0.78,0.41,0.7,0.76,0.61,0.46,0.72,0.96,0.68,0.48,0.68,0.85,0.51,0.67,0.74,0.73,0.67,0.57,0.76
09,09,0.7,0.62,0.43,0.61,0.73,0.55,0.51,0.55,0.68,0.54,0.43,0.73,0.88,0.54,0.54,0.81,0.6,0.52,0.73,0.84,0.76,0.45,0.88,0.8,0.69,0.4,0.63,0.89,0.72,0.44,0.73,0.86,0.69,0.67,0.8,0.74,0.69,0.55,0.76
09,10,0.72,0.7,0.39,0.6,0.67,0.56,0.44,0.6,0.67,0.52,0.52,0.67,0.8,0.58,0.48,0.72,0.66,0.52,0.72,0.84,0.8,0.54,0.76,0.78,0.74,0.51,0.48,0.9,0.68,0.46,0.7,0.89,0.77,0.58,0.92,0.71,0.61,0.48,0.7
09,11,0.89,0.56,0.49,0.52,0.63,0.56,0.48,0.52,0.65,0.52,0.54,0.59,0.74,0.72,0.48,0.72,0.72,0.55,0.75,0.8,0.84,0.6,0.6,0.75,0.75,0.6,0.42,0.86,0.71,0.55,0.61,0.91,0.76,0.63,1.01,0.71,0.6,0.47,0.75
09,12,0.65,0.72,0.51,0.46,0.55,0.6,0.52,0.38,0.57,0.43,0.69,0.51,0.7,0.8,0.59,0.78,0.67,0.63,0.59,0.76,0.74,0.64,0.55,0.67,0.62,0.73,0.4,0.76,0.7,0.84,0.58,0.89,0.64,0.59,0.82,0.72,0.62,0.5,0.7
09,13,0.57,0.68,0.54,0.51,0.48,0.68,0.57,0.44,0.55,0.49,0.94,0.49,0.86,0.75,0.74,0.84,0.66,0.7,0.68,0.57,0.61,0.71,0.53,0.53,0.67,0.82,0.55,0.74,0.71,0.86,0.6,0.84,0.74,0.69,0.74,0.74,0.62,0.56,0.61
09,14,0.43,0.63,0.59,0.59,0.43,0.63,0.62,0.46,0.55,0.55,0.91,0.86,0.79,0.81,0.79,0.78,0.61,0.68,0.98,0.49,0.6,0.79,0.59,0.6,0.67,0.8,0.74,0.61,0.71,0.93,0.58,0.78,0.86,0.78,0.64,0.68,0.62,0.6,0.52
09,15,0.37,0.65,0.63,0.65,0.36,0.72,0.67,0.44,0.51,0.54,0.8,0.68,0.63,0.84,0.73,0.74,0.56,0.68,0.91,0.57,0.54,0.71,0.63,0.85,0.64,0.9,0.69,0.58,0.73,0.85,0.66,0.67,0.83,0.81,0.69,0.62,0.61,0.67,0.61
09,16,0.61,0.6,0.73,0.68,0.28,0.74,0.72,0.49,0.41,0.48,0.91,0.69,0.56,0.84,0.78,0.8,0.63,0.73,0.78,0.59,0.56,0.66,0.81,0.81,0.59,0.85,0.82,0.55,0.72,0.91,0.75,0.52,0.9,0.79,0.85,0.51,0.6,0.73,0.67
09,17,0.59,0.65,0.64,0.71,0.33,0.76,0.72,0.55,0.41,0.49,0.83,0.72,0.38,0.73,0.76,0.87,0.56,0.72,0.77,0.72,0.54,0.75,0.87,0.89,0.56,0.78,0.87,0.67,0.71,0.91,0.81,0.56,0.91,0.88,0.76,0.44,0.63,0.73,0.75
09,18,0.6,0.68,0.54,0.73,0.43,0.65,0.63,0.64,0.47,0.44,0.75,0.78,0.44,0.7,0.75,0.72,0.51,0.72,0.93,0.73,0.43,0.79,0.89,0.85,0.72,0.78,0.88,0.75,0.73,0.87,0.8,0.63,0.8,0.84,0.73,0.47,0.64,0.81,0.78
09,19,0.55,0.75,0.51,0.78,0.51,0.45,0.55,0.65,0.48,0.39,0.7,0.76,0.87,0.63,0.68,0.72,0.52,0.75,0.94,0.76,0.34,0.72,0.94,0.84,0.56,0.73,0.86,0.79,0.71,0.82,0.83,0.73,0.72,0.79,0.81,0.52,0.61,0.83,0.86
09,20,0.59,0.72,0.47,0.72,0.56,0.43,0.41,0.7,0.54,0.31,0.64,0.72,0.66,0.56,0.65,0.67,1.0,0.91,0.8,0.78,0.33,0.63,0.95,0.77,0.46,0.63,0.8,0.64,0.71,0.66,0.84,0.76,0.63,0.8,0.89,0.59,0.54,0.8,0.84
09,21,0.6,0.78,0.31,0.74,0.6,0.48,0.38,0.69,0.56,0.39,0.6,0.76,0.7,0.72,0.6,0.62,0.78,0.63,0.72,0.84,0.43,0.54,0.91,0.74,0.49,0.56,0.8,0.73,0.5,0.56,0.75,0.77,0.56,0.84,0.84,0.68,0.48,0.75,0.77
09,22,0.64,0.84,0.27,0.68,0.65,0.55,0.31,0.65,0.63,0.49,0.48,0.71,0.76,0.72,0.5,0.63,0.71,0.52,0.63,0.88,0.56,0.53,0.79,0.76,0.62,0.42,0.76,0.79,0.59,0.56,0.72,0.99,0.6,0.74,0.77,0.78,0.46,0.76,0.74
09,23,0.59,1.05,0.36,0.62,0.7,0.65,0.36,0.63,0.75,0.59,0.47,0.63,0.72,0.8,0.46,0.63,0.76,0.64,0.73,0.92,0.65,0.73,0.68,0.83,0.6,0.48,0.63,0.79,0.69,0.5,0.69,0.83,0.83,0.56,0.68,0.82,0.53,0.68,0.74
09,24,0.54,0.93,0.46,0.49,0.8,0.64,0.43,0.72,0.73,0.65,0.72,0.68,0.77,0.84,0.36,0.59,0.77,0.63,0.65,1.04,0.63,0.89,0.56,0.85,0.6,0.54,0.6,0.86,0.68,0.81,0.63,0.83,0.89,0.49,0.63,0.89,0.62,0.6,0.77
09,25,0.6,0.9,0.48,0.46,0.83,0.72,0.48,0.63,0.8,0.71,0.73,0.59,0.78,0.83,0.38,0.61,0.81,0.64,0.59,0.93,0.63,0.74,0.43,0.91,0.76,0.6,0.53,1.0,0.7,0.76,0.62,0.78,0.77,0.51,0.61,0.69,0.74,0.8,0.69
09,26,0.54,0.89,0.51,0.48,0.87,0.67,0.58,0.54,1.02,0.71,0.68,0.51,0.67,0.8,0.47,0.54,0.89,0.68,0.59,0.83,0.74,0.87,0.43,0.93,0.87,0.64,0.47,0.94,0.71,0.76,0.52,0.78,0.8,0.56,0.62,0.67,0.75,0.75,0.61
09,27,0.42,0.86,0.52,0.47,0.8,0.62,0.63,0.46,0.87,0.72,0.6,0.46,0.62,0.8,0.55,0.63,0.87,0.75,0.59,0.77,0.77,0.95,0.48,0.81,0.94,0.73,0.48,0.94,0.75,0.89,0.5,0.79,0.85,0.59,0.59,0.6,0.79,0.92,0.57
09,28,0.44,0.8,0.6,0.52,0.75,0.65,0.64,0.41,0.76,0.75,0.75,0.35,0.73,0.8,0.64,0.55,0.87,0.76,0.72,0.7,0.77,0.86,0.52,0.76,1.0,0.72,0.55,0.82,0.82,0.8,0.56,0.71,0.89,0.59,0.45,0.65,0.85,0.9,0.49
09,29,0.45,0.8,0.61,0.48,0.69,0.59,0.67,0.51,0.79,0.67,0.75,0.39,0.65,0.7,0.6,0.47,0.78,0.8,0.72,0.5,0.77,0.84,0.64,0.79,0.86,0.75,0.6,0.73,0.82,0.8,0.69,0.62,0.83,0.62,0.51,0.66,0.85,0.84,0.49
09,30,0.41,0.7,0.59,0.41,0.55,0.55,0.67,0.59,0.79,0.62,0.75,0.47,0.5,0.64,0.59,0.59,0.78,0.99,0.76,0.44,0.71,0.79,0.64,0.65,0.72,0.74,0.63,0.69,0.76,0.79,0.8,0.49,0.75,0.65,0.58,0.59,0.86,0.76,0.54
10,01,0.42,0.71,0.56,0.51,0.53,0.41,0.64,0.6,0.68,0.56,0.81,0.59,0.41,0.64,0.64,0.8,0.63,0.95,0.71,0.51,0.58,0.75,0.59,0.64,0.57,0.71,0.72,0.63,0.65,0.8,0.83,0.37,0.74,0.64,0.61,0.64,0.82,0.82,0.54
10,02,0.51,0.81,0.54,0.59,0.57,0.36,0.64,0.55,0.56,0.49,1.11,0.62,0.38,0.8,0.75,0.75,0.52,0.92,0.75,0.52,0.51,0.69,0.74,0.72,0.52,0.7,0.78,0.6,0.48,0.8,0.88,0.37,0.73,0.72,0.59,0.61,0.85,0.97,0.62
10,03,0.57,0.95,0.51,0.59,0.62,0.32,0.65,0.55,0.56,0.63,0.91,0.78,0.47,0.52,0.73,0.86,0.7,0.99,0.78,0.63,0.5,0.64,0.91,0.97,0.41,0.77,0.8,0.66,0.43,0.75,0.86,0.48,0.65,0.74,0.63,0.6,0.82,0.94,0.73
10,04,0.57,0.92,0.46,0.63,0.62,0.39,0.49,0.68,0.63,1.13,0.84,0.84,0.52,0.55,0.71,0.91,0.72,0.7,0.76,0.65,0.7,0.59,0.68,0.93,0.46,0.61,0.89,0.85,0.36,0.7,0.82,0.56,0.51,0.69,0.61,0.55,0.71,1.0,0.87
10,05,0.6,0.94,0.43,0.62,0.76,0.47,0.36,0.8,0.78,1.21,0.91,0.81,0.59,0.55,0.71,1.02,0.8,0.6,0.76,0.7,0.93,0.52,0.76,0.84,0.56,0.54,0.88,1.07,0.43,0.61,0.84,0.71,0.45,0.71,0.7,0.71,0.71,0.97,0.93
10,06,0.6,0.78,0.39,0.64,0.93,0.59,0.39,0.76,0.75,0.91,1.0,0.75,0.62,0.65,0.64,1.03,0.75,0.59,0.76,0.79,0.73,0.46,0.79,0.87,0.67,0.5,0.77,0.88,0.52,0.53,0.95,0.8,0.54,0.65,0.75,0.79,0.63,0.82,0.88
10,07,0.63,0.91,0.27,0.62,0.91,0.7,0.47,0.83,0.72,0.89,0.84,0.71,0.62,0.65,0.7,1.24,0.72,0.64,0.78,0.8,0.91,0.48,0.8,0.92,0.72,0.43,0.69,0.89,0.76,0.52,0.97,0.84,0.65,0.63,0.6,0.85,0.69,0.84,0.93
10,08,0.67,0.86,0.37,0.59,0.94,0.64,0.54,0.75,0.78,0.75,0.8,0.64,0.56,0.87,0.63,1.12,0.72,0.72,0.69,0.85,0.6,0.52,0.94,0.87,0.74,0.47,0.69,0.89,0.71,0.49,0.88,0.89,0.68,0.6,0.77,0.78,0.69,0.6,1.0
10,09,0.7,0.75,0.59,0.44,0.89,0.68,0.63,0.59,0.75,0.72,0.67,0.52,0.63,0.8,0.54,0.95,0.71,0.72,0.57,0.85,0.77,0.66,0.63,0.86,0.8,0.49,0.69,0.88,0.74,0.52,0.84,0.83,0.75,0.52,0.78,0.79,0.76,0.56,0.95
10,10,0.63,0.69,0.55,0.39,0.8,0.7,0.67,0.41,0.7,0.95,0.55,0.39,0.64,0.72,0.54,0.78,0.65,0.91,0.43,0.88,0.87,0.81,0.51,0.79,0.82,0.43,0.69,0.85,0.68,0.65,0.76,0.82,0.84,0.61,0.73,0.8,0.74,0.57,0.84
10,11,0.59,0.71,0.56,0.39,1.08,0.69,0.71,0.36,0.7,0.92,0.69,0.25,0.56,0.76,0.68,0.51,0.64,0.99,0.41,0.8,0.88,0.85,0.51,0.71,0.8,0.47,0.56,0.87,0.72,0.72,0.83,0.82,0.81,0.66,0.55,0.83,0.69,0.71,0.71
10,12,0.38,0.73,0.62,0.43,1.04,0.84,0.75,0.36,1.23,0.92,0.84,0.32,0.54,0.8,0.84,0.51,0.57,1.0,0.49,0.81,0.73,0.83,0.55,0.54,0.77,0.44,0.75,0.76,0.77,0.87,0.66,0.76,0.87,0.67,0.4,0.74,0.67,0.81,0.59
10,13,0.26,0.69,0.76,0.49,0.7,0.73,0.76,0.43,0.89,0.9,0.93,0.39,0.46,0.8,0.75,0.51,0.51,1.11,0.62,0.59,0.61,0.85,0.62,0.41,0.75,0.51,0.64,0.8,0.79,0.88,0.53,0.84,0.96,0.76,0.43,0.68,0.71,0.84,0.55
10,14,0.33,0.63,0.75,0.54,0.63,0.72,0.76,0.45,0.75,0.84,1.23,0.44,0.39,0.94,0.97,0.5,0.46,0.84,0.7,0.62,0.6,0.97,0.68,0.39,0.7,0.63,0.78,0.75,0.74,0.95,0.63,0.64,1.05,0.91,0.44,0.63,0.76,0.9,0.6
10,15,0.41,0.56,0.7,0.63,0.72,0.59,0.75,0.54,0.64,0.86,1.1,0.54,0.35,1.1,0.95,0.57,0.44,0.96,0.78,0.76,0.57,1.02,0.68,0.44,0.66,0.67,0.74,0.75,0.67,1.04,0.79,0.66,1.06,0.97,0.52,0.56,0.83,0.8,0.59
10,16,0.52,0.48,0.59,0.7,0.73,0.54,0.63,0.61,0.63,0.87,1.0,0.6,0.27,0.97,0.96,0.62,0.43,0.88,0.78,0.82,0.53,1.05,0.73,0.55,0.57,0.74,0.78,0.84,0.63,0.94,0.87,0.69,0.9,0.81,0.58,0.5,0.78,0.75,0.66
10,17,0.77,0.36,0.44,0.68,0.75,0.45,0.59,0.8,0.65,0.95,0.96,0.57,0.32,0.88,0.86,0.7,0.39,0.86,0.78,0.98,0.43,0.9,0.83,0.64,0.47,0.76,0.84,0.92,0.57,0.84,0.76,0.75,0.82,0.86,0.62,0.5,0.68,1.04,0.73
10,18,0.64,0.42,0.38,0.7,0.75,0.39,0.49,0.72,0.81,0.87,0.8,0.67,0.41,0.67,0.67,0.74,0.42,0.68,0.75,0.82,0.38,0.73,0.8,0.73,0.42,0.61,0.87,0.84,0.54,0.82,0.78,0.71,0.78,0.86,0.67,0.57,0.69,0.91,0.75
10,19,0.72,0.48,0.38,0.9,0.75,0.55,0.43,0.75,0.72,0.63,0.68,0.68,0.44,0.6,0.6,0.8,0.59,0.52,0.72,0.75,0.48,0.66,0.72,0.78,0.38,0.54,0.83,0.94,0.51,0.72,0.77,0.76,0.71,0.77,0.68,0.65,0.72,0.83,0.73
10,20,0.72,0.63,0.36,0.91,0.74,0.72,0.43,0.86,0.8,0.84,0.62,0.78,0.52,0.48,0.59,0.75,0.57,0.44,0.72,0.76,0.67,0.6,0.76,0.95,0.41,0.43,0.83,0.99,0.55,0.63,0.75,0.81,0.58,0.77,0.68,0.69,0.64,0.71,0.73
10,21,0.76,0.62,0.41,0.76,0.76,0.75,0.25,0.72,0.83,1.0,0.63,0.82,0.6,0.63,0.63,0.68,1.0,0.52,0.87,0.79,0.76,0.57,0.73,0.91,0.52,0.36,0.74,0.94,0.61,0.52,0.75,0.84,0.68,0.65,0.7,0.73,0.52,0.66,0.83
10,22,0.73,0.64,0.48,0.72,0.79,0.76,0.27,0.68,0.91,0.8,0.84,0.77,0.68,0.68,0.56,0.79,0.79,0.52,0.57,1.13,0.82,0.7,0.71,0.92,0.61,0.47,1.04,0.89,0.67,0.6,0.68,0.96,0.78,0.55,0.79,0.75,0.53,0.53,0.78
10,23,0.62,0.73,0.52,0.75,0.86,0.79,0.35,0.67,0.86,0.91,0.79,0.75,0.71,0.72,0.48,0.68,1.0,0.55,0.43,0.96,0.99,0.78,0.68,0.92,0.84,0.54,0.84,0.85,0.67,0.66,0.68,0.9,0.82,0.56,0.59,0.78,0.57,0.48,0.67
10,24,0.62,0.75,0.6,0.68,0.8,0.84,0.36,0.6,0.81,0.84,0.8,0.81,0.72,0.72,0.63,0.68,0.97,0.59,0.52,0.94,0.87,0.81,0.49,1.12,0.87,0.6,0.8,0.86,0.76,0.71,0.68,0.87,0.86,0.59,0.49,0.85,0.7,0.61,0.66
10,25,0.56,0.73,0.51,0.55,0.75,0.79,0.39,0.54,0.68,0.84,0.71,0.72,0.68,0.72,0.62,0.72,1.12,0.65,0.55,0.77,0.9,0.83,0.48,0.91,0.92,0.61,0.61,1.01,0.91,0.76,0.55,0.81,0.83,0.66,0.56,0.88,0.79,0.61,0.71
10,26,0.51,0.73,0.52,0.7,0.7,0.79,0.43,0.65,0.63,1.0,0.68,0.65,0.59,0.73,0.65,0.55,1.1,0.75,0.59,0.71,0.96,0.89,0.54,0.82,1.02,0.66,0.62,0.79,1.02,0.88,0.44,0.79,0.83,0.74,0.5,0.88,0.76,0.88,0.6
10,27,0.4,0.68,0.55,0.68,0.57,0.72,0.46,0.79,0.54,0.97,0.63,0.54,0.62,0.67,0.7,0.6,0.9,0.75,0.65,0.54,1.0,1.04,0.52,0.72,0.82,0.74,0.65,0.79,0.85,1.27,0.51,0.81,0.83,0.82,0.44,0.96,0.8,0.92,0.51
10,28,0.33,0.63,0.6,0.72,0.52,0.63,0.52,0.6,0.48,0.91,0.63,0.68,0.52,0.68,0.7,0.59,0.75,0.72,0.68,0.47,0.84,0.97,0.55,0.58,0.75,0.97,0.7,0.68,0.84,1.21,0.61,0.73,0.89,0.73,0.38,1.21,0.84,0.77,0.45
10,29,0.4,0.47,0.68,0.57,0.48,0.55,0.62,0.87,0.38,0.89,0.62,0.72,0.48,0.72,0.69,0.68,0.67,0.71,0.71,0.44,0.81,1.04,0.59,0.54,0.69,0.94,0.71,0.58,0.76,1.01,0.68,0.66,0.99,0.67,0.59,1.54,0.89,0.82,0.48
10,30,0.47,0.31,0.59,0.62,0.67,0.51,0.55,0.95,0.36,0.71,0.66,0.66,0.52,0.62,0.81,0.73,0.52,0.7,0.71,0.56,0.74,0.99,0.67,0.58,0.67,0.94,0.73,0.59,0.69,0.99,0.67,0.51,0.86,0.73,0.63,1.35,0.83,0.8,0.59
10,31,0.58,0.27,0.69,0.7,0.62,0.43,0.55,1.03,0.48,0.6,0.6,0.63,0.44,0.51,0.72,0.72,0.52,0.76,0.68,0.69,0.88,1.37,0.72,0.63,0.58,0.88,0.75,0.8,0.54,1.24,0.76,0.56,0.76,0.7,0.61,0.94,0.78,0.76,0.63
11,01,0.61,0.39,0.68,0.74,0.65,0.33,0.6,1.12,0.48,0.49,0.66,0.73,0.51,0.5,0.71,0.84,0.51,0.7,0.72,0.72,1.04,1.12,0.75,0.82,0.45,1.07,0.73,1.01,0.48,1.4,0.8,0.56,0.64,0.72,0.72,1.13,0.71,0.75,0.82
11,02,0.64,0.52,0.73,0.84,0.76,0.49,0.6,1.06,0.56,0.48,0.78,0.79,0.73,0.31,0.7,0.89,0.52,0.62,0.68,0.8,0.9,0.96,0.8,0.79,0.45,0.83,1.09,0.99,0.48,1.11,0.9,0.67,0.48,0.75,0.79,0.96,0.72,0.73,0.96
11,03,0.71,0.56,0.59,0.99,0.76,0.59,0.59,1.08,0.66,0.54,0.76,0.78,0.76,0.31,0.67,1.04,0.57,0.76,0.59,0.8,0.89,0.76,0.76,0.78,0.47,0.68,1.03,0.91,0.48,1.07,0.97,0.75,0.43,0.71,0.79,0.99,0.9,0.67,0.89
11,04,0.77,0.59,0.5,0.88,0.72,0.55,0.71,0.94,0.83,0.59,0.62,0.76,0.71,0.43,0.63,1.12,0.68,0.72,0.55,0.95,0.7,0.62,0.75,0.85,0.55,0.65,0.93,0.82,0.63,0.92,0.93,1.0,0.47,0.66,0.75,1.03,0.78,0.64,0.78
11,05,0.75,0.63,0.48,0.66,0.63,0.52,0.55,0.87,0.8,0.55,0.64,0.76,0.7,0.54,0.67,0.92,0.76,0.64,0.56,0.92,0.74,0.66,0.73,0.85,0.62,0.76,1.0,0.83,0.84,1.09,1.04,1.21,0.54,0.87,1.17,1.07,0.93,0.57,1.0
11,06,0.66,0.76,0.81,0.55,0.63,0.49,0.87,0.74,0.86,0.51,0.79,1.05,0.64,0.57,0.79,0.79,0.8,1.41,0.59,0.89,0.75,0.6,0.72,0.77,0.66,0.61,0.86,0.84,1.0,0.85,0.99,1.03,0.57,0.9,1.26,0.96,0.81,0.47,0.71
11,07,0.63,0.79,0.87,0.39,0.62,0.59,0.7,0.55,0.8,0.57,0.72,0.86,0.71,0.59,1.05,0.75,1.16,1.03,0.48,0.8,0.82,0.66,0.6,0.68,0.62,0.65,0.85,0.88,0.99,0.7,0.79,1.01,0.59,0.71,1.0,0.98,0.83,0.44,0.91
11,08,0.55,0.82,0.82,0.38,0.59,0.65,0.76,0.39,0.7,0.63,0.75,0.78,0.67,0.63,1.0,0.59,0.83,0.89,0.59,0.68,0.86,0.75,0.46,0.62,0.68,0.73,0.99,1.03,0.98,0.71,0.81,1.09,0.64,0.76,0.73,0.94,1.08,0.48,0.8
11,09,0.52,0.87,0.8,0.48,0.6,0.68,0.74,0.48,0.72,0.59,0.84,0.59,0.61,0.67,0.91,0.49,0.78,0.81,0.75,0.69,0.63,0.95,0.52,0.55,0.78,0.76,0.78,1.05,0.87,0.8,0.79,1.05,0.67,0.9,0.59,0.95,1.03,0.5,0.68
11,10,0.43,0.81,0.94,0.52,0.56,0.65,0.72,0.48,0.67,0.7,0.89,0.73,0.67,0.73,0.87,0.49,0.72,0.75,0.76,0.52,0.77,1.23,0.54,0.43,0.54,0.77,0.81,1.13,0.79,0.81,0.73,1.05,0.64,0.96,0.51,0.87,1.08,0.56,0.56
11,11,0.42,0.68,0.95,0.47,0.6,0.62,0.69,0.49,0.52,0.65,0.86,0.78,0.72,0.79,0.91,0.6,0.72,0.81,0.64,0.58,0.78,1.03,0.55,0.34,0.73,0.82,0.93,0.92,0.86,1.48,0.94,0.94,0.7,0.99,0.54,0.81,1.05,0.67,0.5
11,12,0.45,0.7,0.94,0.48,0.49,0.58,0.73,0.54,0.44,0.65,0.84,0.65,0.6,0.96,1.18,0.62,0.67,0.89,0.92,0.58,0.72,1.05,0.67,0.37,0.64,0.85,0.9,0.77,0.79,0.99,0.93,1.02,0.68,0.96,0.67,0.71,1.81,0.72,0.67
11,13,0.51,0.72,1.24,0.5,0.59,0.57,0.75,0.52,0.39,0.6,0.87,0.64,0.51,0.99,1.12,0.68,0.64,1.08,1.12,0.62,0.6,1.04,0.68,0.5,0.6,1.04,0.91,0.76,0.72,0.83,0.77,0.88,0.65,1.03,0.8,0.55,1.4,0.73,0.73
11,14,0.56,0.65,0.95,0.62,0.76,0.46,0.63,0.55,0.84,0.6,0.73,0.76,0.68,1.11,1.08,0.75,0.59,1.08,1.23,0.88,0.48,1.0,0.72,0.64,0.81,1.0,0.83,0.78,0.65,0.85,0.86,0.74,0.61,1.07,0.88,0.43,1.13,0.77,0.87
11,15,0.53,0.96,0.68,0.59,0.72,0.39,0.63,0.59,0.55,0.63,0.84,0.79,0.65,1.05,1.11,0.78,0.59,0.87,1.03,1.03,0.42,0.99,0.75,0.63,0.59,0.85,0.8,0.77,0.58,0.84,1.04,0.85,0.6,0.9,0.98,0.45,1.52,0.81,0.83
11,16,0.73,0.89,0.54,0.51,0.73,0.31,0.52,0.63,0.87,0.69,0.51,0.73,0.68,0.81,1.0,0.8,0.67,0.79,0.86,1.46,0.36,0.8,0.8,0.6,0.51,0.78,0.8,0.93,0.52,0.7,0.96,1.1,0.53,0.77,0.76,0.63,1.15,0.9,0.84
11,17,0.71,1.0,0.48,0.5,0.72,0.4,0.48,0.67,0.81,0.7,0.52,0.73,0.8,0.72,0.78,0.68,0.71,0.84,0.68,0.86,0.49,0.62,0.8,0.63,0.54,0.61,0.78,0.9,0.51,0.57,0.89,1.14,0.5,0.67,0.75,0.74,1.49,0.79,0.84
11,18,0.73,0.84,0.47,0.48,0.63,0.55,0.39,0.72,0.8,0.63,0.48,0.71,0.8,1.32,0.67,0.72,0.61,0.65,0.63,1.22,0.45,0.58,0.8,0.79,0.65,0.57,0.73,1.03,0.46,0.51,0.83,1.04,0.51,0.71,0.82,0.73,0.92,0.72,0.8
11,19,0.78,1.01,0.52,0.46,0.67,0.62,0.36,0.71,0.94,0.71,0.4,0.72,0.72,1.02,0.78,0.68,1.02,0.75,0.63,1.12,0.51,0.66,0.78,0.71,0.64,0.55,0.61,1.14,0.5,0.53,1.23,0.89,0.51,0.79,0.88,0.81,0.91,0.69,0.71
11,20,0.82,1.15,0.63,0.44,0.84,0.78,0.48,0.68,1.03,0.78,0.42,0.63,0.83,1.27,0.71,0.72,1.13,0.92,0.48,0.92,0.57,0.53,0.59,0.8,0.7,0.61,0.57,0.97,0.53,0.6,1.06,0.76,0.63,0.52,0.8,0.95,0.82,0.65,0.66
11,21,0.87,1.18,0.59,0.43,0.8,0.92,0.55,0.76,0.92,0.87,0.48,0.59,0.78,0.95,0.54,0.69,1.21,1.24,0.35,0.99,0.64,0.47,0.48,0.82,0.76,0.71,0.49,1.15,0.62,0.61,1.07,0.87,0.91,0.55,0.78,0.91,0.93,0.57,0.74
11,22,0.82,1.1,0.63,0.41,0.79,0.81,0.7,0.84,0.95,0.9,0.54,0.51,0.75,1.08,0.6,0.63,1.04,0.95,0.35,1.15,0.69,0.66,0.68,0.97,0.84,0.58,0.4,1.22,0.7,0.65,0.99,0.95,0.92,0.67,0.67,0.93,0.98,0.64,0.75
11,23,0.74,1.03,0.75,0.56,0.94,0.76,0.91,0.75,0.87,0.75,0.47,0.43,0.68,1.1,0.71,0.68,1.02,0.86,0.51,0.83,0.75,0.78,0.63,0.88,1.08,0.71,0.45,1.05,0.74,0.68,1.06,0.89,0.9,0.68,0.56,0.87,1.1,0.58,0.73
11,24,0.62,1.0,0.76,0.48,1.36,0.72,0.72,0.59,1.07,0.65,0.43,0.47,0.68,1.14,0.7,0.67,0.81,0.96,0.39,0.87,0.79,0.69,0.51,0.79,0.99,0.98,0.5,1.03,0.79,0.64,0.98,0.82,0.83,0.73,0.51,1.14,1.29,0.55,0.62
11,25,0.53,0.82,0.67,0.39,1.29,0.64,0.87,1.16,1.0,0.68,0.48,0.35,0.65,1.0,0.71,0.59,0.68,0.96,0.48,1.11,0.78,0.55,0.68,0.73,0.87,0.81,0.45,1.07,0.78,0.64,0.83,0.78,0.85,0.84,0.51,0.96,1.09,0.67,0.65
11,26,0.48,0.74,0.8,0.36,0.76,0.57,0.89,0.94,0.8,0.67,0.6,0.36,0.6,1.04,0.78,0.52,0.54,0.96,0.55,0.97,0.98,0.57,0.87,0.55,0.86,0.98,0.58,1.08,0.71,0.72,0.63,0.8,0.93,0.85,0.66,0.95,1.11,0.69,0.79
11,27,0.61,0.74,0.86,0.41,0.7,0.56,0.72,0.75,0.47,0.57,0.61,0.44,0.57,0.85,0.84,0.41,0.44,0.77,0.57,0.76,0.95,0.59,0.91,0.52,0.77,0.82,0.68,0.93,0.63,0.86,0.72,0.74,1.01,0.81,0.5,0.98,1.21,0.73,0.99
11,28,0.61,0.53,0.84,0.55,0.8,0.44,0.76,0.99,0.55,0.54,0.68,0.52,0.61,1.02,0.84,0.58,0.3,0.75,0.55,0.72,0.89,0.55,0.8,0.58,0.58,0.92,0.68,0.94,0.49,1.25,0.74,0.72,0.89,0.91,0.67,0.87,1.14,0.76,0.82
11,29,0.81,0.39,0.72,0.6,0.87,0.47,0.67,0.87,0.57,0.47,0.77,0.58,0.55,0.84,0.87,0.68,0.25,0.84,0.63,0.86,0.79,0.64,0.86,0.6,0.44,0.95,0.74,1.0,0.38,1.12,0.71,0.85,0.81,0.74,0.88,0.7,0.99,0.88,0.92
11,30,0.72,0.46,0.66,0.62,0.97,0.48,0.66,0.8,0.6,0.44,0.68,0.61,0.51,0.8,0.97,0.75,0.28,0.75,0.79,0.88,0.68,0.9,0.87,0.59,0.5,1.02,1.31,0.94,0.43,1.07,0.81,0.79,0.71,0.66,0.97,0.8,0.79,0.86,0.95
12,01,0.69,0.55,0.59,0.64,0.92,0.49,0.48,0.92,0.55,0.47,0.78,0.64,0.51,0.73,0.95,0.89,0.35,0.59,0.75,0.89,0.58,0.72,0.87,0.69,0.49,1.52,1.07,1.09,0.38,1.04,0.82,1.13,0.63,0.74,0.94,0.89,0.83,0.91,0.82
12,02,0.74,0.78,0.44,0.63,0.87,0.73,0.41,0.8,0.6,0.48,0.75,0.58,0.55,0.65,0.97,0.8,0.43,0.59,0.68,0.96,0.58,0.66,0.84,0.71,0.56,1.02,0.85,1.16,0.41,0.96,0.86,1.08,0.53,0.83,0.89,0.84,0.81,0.77,0.85
12,03,0.75,0.75,0.28,0.54,0.71,0.68,0.29,0.86,0.56,0.71,0.61,0.56,0.55,0.56,1.11,0.75,0.46,0.59,0.59,1.09,0.59,0.55,1.32,0.72,0.74,0.74,0.72,1.36,0.49,0.82,0.75,1.18,0.52,0.79,0.96,0.82,0.64,0.98,0.83
12,04,0.7,0.79,0.27,0.47,0.72,0.73,0.25,0.8,0.59,0.8,0.51,0.59,0.51,0.52,0.84,1.13,0.52,0.55,0.52,1.22,0.64,0.53,0.95,0.78,0.61,0.78,0.92,1.21,0.61,0.79,0.68,1.17,0.49,0.6,0.87,0.85,0.63,0.94,0.99
12,05,0.73,0.75,0.31,0.32,0.8,0.89,0.23,0.83,0.62,0.95,0.54,0.57,0.68,0.59,0.72,1.03,0.57,0.56,0.52,1.2,0.67,0.6,1.02,0.71,0.55,0.91,0.88,0.93,0.72,0.82,0.64,1.05,0.43,0.48,0.74,0.81,0.64,0.85,0.91
12,06,0.63,0.71,0.46,0.29,1.0,1.03,0.31,0.59,0.58,0.71,0.55,0.56,0.79,0.63,0.63,0.72,0.48,0.57,0.48,1.03,0.68,0.66,0.86,0.76,0.57,0.86,0.82,1.0,0.7,0.8,0.67,1.03,0.49,0.49,0.61,0.81,0.7,0.93,1.06
12,07,0.62,0.65,0.55,0.3,0.73,0.85,0.48,0.6,0.36,0.76,0.63,0.47,0.83,0.63,0.54,0.63,0.54,0.68,0.32,0.92,0.8,0.61,0.96,0.8,0.69,0.73,0.71,1.06,0.73,0.7,0.59,0.99,0.52,0.43,0.47,0.78,0.64,0.93,0.9
12,08,0.47,0.63,0.62,0.27,0.76,0.6,0.52,0.68,0.39,1.41,0.73,0.45,0.63,0.64,0.57,0.56,0.67,0.78,0.43,0.86,0.74,0.68,0.84,0.74,0.85,0.69,0.8,1.0,0.79,0.82,0.51,0.88,0.54,0.47,0.52,0.96,0.63,1.37,0.74
12,09,0.41,0.59,0.63,0.39,0.76,0.44,0.62,1.09,0.46,1.31,0.76,0.49,0.55,0.76,0.73,0.39,0.67,0.95,0.5,0.67,0.82,0.67,0.75,1.03,0.88,0.8,0.65,1.0,0.82,0.76,0.49,0.84,0.56,0.57,0.61,0.97,0.77,0.83,0.79
12,10,0.47,0.49,0.68,0.46,0.72,0.6,0.67,1.26,0.39,1.13,0.7,0.55,0.48,1.0,0.7,0.43,0.71,0.88,0.55,0.64,0.78,0.75,0.65,0.64,0.75,1.16,0.63,0.73,0.73,0.84,0.46,0.69,0.51,0.54,0.53,0.72,0.68,0.74,0.97
12,11,0.52,0.49,0.72,0.49,0.6,0.59,0.75,0.91,0.36,0.87,0.85,0.49,0.44,0.87,0.73,0.52,0.73,0.83,0.52,0.61,0.79,0.75,0.64,0.52,0.71,1.18,0.66,0.57,0.72,0.87,0.5,0.74,0.55,0.62,0.8,0.76,0.69,0.77,0.8
12,12,0.5,0.48,0.65,0.49,0.63,0.64,0.7,0.75,0.28,0.71,0.67,0.53,0.59,0.83,0.87,0.55,0.67,0.72,0.55,0.58,0.6,0.74,0.7,0.44,0.66,1.1,0.68,0.75,0.73,0.8,0.53,0.63,0.6,0.61,1.02,0.63,0.86,0.86,0.75
12,13,0.42,0.43,0.68,0.57,0.7,0.47,0.79,0.79,0.23,0.75,0.81,0.55,0.75,0.78,0.75,0.51,0.68,0.68,0.72,0.67,0.47,0.63,0.6,0.45,0.6,1.08,0.79,0.87,0.72,0.79,0.47,0.64,0.61,0.58,0.77,0.63,0.96,0.99,0.69
12,14,0.39,0.48,0.54,0.61,0.72,0.41,0.72,0.84,0.22,0.57,0.92,0.57,0.75,0.94,0.68,0.36,0.6,0.63,0.72,0.69,0.57,0.51,0.76,0.39,0.46,1.15,0.88,0.74,0.73,0.85,0.54,0.6,0.57,0.69,0.77,0.68,0.79,0.96,0.72
12,15,0.44,0.44,0.49,0.79,0.69,0.44,0.76,0.84,0.23,0.47,0.84,0.6,0.49,0.75,0.75,0.38,0.72,0.7,0.64,0.74,0.48,0.44,0.71,0.4,0.59,1.14,1.0,0.63,0.72,0.99,0.53,0.62,0.52,0.61,0.95,0.61,1.15,0.98,0.77
12,16,0.61,0.47,0.36,0.78,0.79,0.36,0.72,0.8,0.35,0.51,0.86,0.56,0.46,0.64,0.71,0.44,0.84,0.62,0.63,0.73,0.48,0.44,0.8,0.41,0.67,1.03,0.94,0.61,0.75,0.83,0.47,0.65,0.45,0.55,0.85,0.63,1.14,0.96,0.75
12,17,0.91,0.68,0.33,0.63,0.81,0.52,0.91,0.78,0.4,0.59,0.63,0.52,0.72,0.63,0.62,0.47,0.72,0.64,0.52,0.81,0.44,0.55,0.85,0.52,0.63,0.84,1.0,0.77,0.82,0.71,0.51,0.74,0.43,0.45,0.77,0.75,0.97,0.84,0.63
12,18,0.78,0.72,0.43,0.6,0.8,0.58,0.68,0.72,0.49,0.55,0.65,0.52,0.87,0.64,0.64,0.57,0.74,0.59,0.41,0.92,0.62,0.73,0.74,0.66,0.53,0.76,0.94,0.84,0.72,0.58,0.51,0.82,0.49,0.45,0.65,0.69,0.82,0.68,0.61
12,19,0.91,0.83,0.48,0.87,0.87,0.6,0.87,0.62,0.36,0.54,0.48,0.6,0.84,0.72,0.8,0.64,0.76,0.59,0.31,0.66,0.62,0.78,0.56,0.71,0.52,0.85,1.13,0.77,0.73,0.56,0.56,0.82,0.56,0.42,0.66,0.7,0.92,0.6,0.56
12,20,0.96,0.73,0.41,0.83,0.73,0.76,0.77,0.49,0.64,0.54,0.51,0.85,0.83,0.91,1.23,0.68,0.92,0.63,0.43,0.68,0.57,0.83,0.52,0.63,0.56,0.64,1.0,0.79,0.7,0.59,0.55,0.83,0.61,0.4,0.67,0.91,0.93,0.57,0.6
12,21,0.98,0.63,0.54,0.8,0.73,0.59,0.68,0.47,0.72,0.57,0.63,0.76,0.87,0.79,0.86,0.72,0.78,0.63,0.36,0.76,0.7,0.61,0.39,0.58,0.59,0.6,0.85,0.84,0.84,0.7,0.48,0.76,0.6,0.35,0.5,0.84,1.18,0.56,0.64
12,22,1.22,0.73,0.48,0.63,0.6,0.54,0.59,0.43,0.94,0.55,0.57,0.7,0.87,0.94,0.91,0.6,0.8,0.63,0.36,0.69,0.76,0.61,0.36,0.6,0.59,0.59,1.11,1.0,0.72,0.6,0.43,0.71,0.59,0.35,0.32,0.81,1.2,0.55,0.6
12,23,0.83,0.59,0.48,0.62,0.51,0.6,0.76,0.28,0.75,0.56,0.74,0.87,1.03,1.03,0.87,0.49,0.72,0.64,0.57,0.7,0.67,0.61,0.32,0.44,0.56,0.63,1.43,1.23,0.65,0.69,0.41,0.67,0.61,0.44,0.35,0.72,1.43,0.58,0.6
12,24,0.83,0.65,0.43,0.65,0.48,0.52,0.59,0.31,0.6,0.55,0.87,0.71,0.91,0.94,0.73,0.48,0.63,0.75,0.59,0.54,0.68,0.67,0.31,0.37,0.56,0.56,1.33,1.42,0.73,0.66,0.43,0.62,0.59,0.47,0.38,0.75,1.39,0.65,0.52
12,25,0.66,0.52,0.52,0.41,0.44,0.43,0.52,0.43,0.65,0.55,0.8,0.8,0.86,1.11,0.66,0.51,0.62,1.08,0.48,0.59,0.53,0.79,0.46,0.41,0.55,0.68,1.45,1.13,0.76,0.66,0.62,0.6,0.59,0.56,0.45,0.59,1.19,0.7,0.57
12,26,0.56,0.49,0.87,0.65,0.48,0.43,0.57,0.59,0.59,0.43,1.03,0.76,0.91,0.94,0.83,0.52,0.62,1.03,0.64,0.67,0.58,1.12,0.6,0.34,0.49,0.7,0.91,1.03,0.61,0.74,1.15,0.57,0.54,0.51,0.47,0.51,0.96,0.76,0.63
12,27,0.6,0.52,0.8,0.72,0.43,0.39,0.65,0.55,0.59,0.36,0.99,0.59,0.91,0.79,0.84,0.54,0.68,1.04,0.58,0.7,0.6,1.27,0.73,0.35,0.4,0.58,0.8,0.84,0.48,0.71,0.8,0.54,0.51,0.52,0.76,0.38,1.01,0.7,0.65
12,28,0.54,0.48,0.8,0.63,0.39,0.3,0.68,0.52,0.51,0.48,0.94,0.61,0.7,0.7,0.79,0.51,0.97,1.15,0.75,0.95,0.63,1.07,0.92,0.45,0.36,0.57,0.96,0.68,0.48,0.69,0.77,0.89,0.41,0.43,0.88,0.47,0.9,0.81,0.75
12,29,0.48,0.43,0.83,0.75,0.29,0.22,0.6,0.55,0.43,0.38,0.79,0.58,0.71,0.7,0.83,0.52,0.91,1.03,0.91,0.87,0.76,0.77,0.75,0.44,0.34,0.46,0.92,0.71,0.55,0.57,0.88,0.64,0.39,0.48,0.65,0.52,0.6,0.81,0.82
12,30,0.46,0.41,0.86,0.75,0.33,0.19,0.48,0.54,0.36,0.31,0.68,0.76,0.75,0.75,0.78,0.6,0.87,0.84,1.0,0.96,0.83,0.69,0.63,0.36,0.32,0.54,1.1,0.72,0.52,0.66,0.85,0.53,0.4,0.3,0.67,0.53,0.53,0.78,0.8
12,31,0.54,0.47,0.8,0.69,0.39,0.28,0.49,0.52,0.4,0.4,0.56,0.95,1.12,0.75,0.78,0.62,0.7,0.91,0.87,1.02,0.73,0.65,0.75,0.42,0.33,0.44,1.2,0.73,0.41,0.51,0.8,0.45,0.41,0.38,0.78,0.51,0.54,0.71,0.83
